NOME;" TIPO";" CATEGORIA";" PP";" POWER";" ACCURACY";" DESCRIPTION";;
Pound;Normal;Physical;35;40;100;The target is physically pounded with a long tail;" a foreleg";" or the like."
Karate Chop;Fighting;Physical;25;50;100;The target is attacked with a sharp chop. Critical hits land more easily.;;
Double Slap;Normal;Physical;10;15;85;The target is slapped repeatedly, back and forth, two to five times in a row.;;
Comet Punch;Normal;Physical;15;18;85;The target is hit with a flurry of punches that strike two to five times in a row.;;
Mega Punch;Normal;Physical;20;80;85;The target is slugged by a punch thrown with muscle-packed power.;;
Pay Day;Normal;Physical;20;40;100;Numerous coins are hurled at the target to inflict damage. Money is earned after the battle.;;
Fire Punch;Fire;Physical;15;75;100;The target is punched with a fiery fist. This may also leave the target with a burn.;;
Ice Punch;Ice;Physical;15;75;100;The target is punched with an icy fist. This may also leave the target frozen.;;
Thunder Punch;Electric;Physical;15;75;100;The target is punched with an electrified fist. This may also leave the target with paralysis.;;
Scratch;Normal;Physical;35;40;100;Hard, pointed, sharp claws rake the target to inflict damage.;;
Vise Grip;Normal;Physical;30;55;100;The target is gripped and squeezed from both sides to inflict damage.;;
Guillotine;Normal;Physical;5;—;30;A vicious, tearing attack with big pincers. The target faints instantly if this attack hits.;;
Razor Wind;Normal;Special;10;80;100;A two-turn attack. Blades of wind hit opposing Pokémon on the second turn. Critical hits land more easily.;;
Swords Dance;Normal;Status;20;—;—;A frenetic dance to uplift the fighting spirit. This sharply raises the user's Attack stat.;;
Cut;Normal;Physical;30;50;95;The target is cut with a scythe or claw. This can also be used to cut down thin trees.;;
Gust;Flying;Special;35;40;100;A gust of wind is whipped up by wings and launched at the target to inflict damage.;;
Wing Attack;Flying;Physical;35;60;100;The target is struck with large, imposing wings spread wide to inflict damage.;;
Whirlwind;Normal;Status;20;—;∞;The target is blown away, and a different Pokémon is dragged out. In the wild, this ends a battle against a single Pokémon.;;
Fly;Flying;Physical;15;90;95;The user soars and then strikes its target on the next turn. This can also be used to fly to any familiar town.;;
Bind;Normal;Physical;20;15;85;Things such as long bodies or tentacles are used to bind and squeeze the target for four to five turns.;;
Slam;Normal;Physical;20;80;75;The target is slammed with a long tail, vines, or the like to inflict damage.;;
Vine Whip;Grass;Physical;25;45;100;The target is struck with slender, whiplike vines to inflict damage.;;
Stomp;Normal;Physical;20;65;100;The target is stomped with a big foot. This may also make the target flinch.;;
Double Kick;Fighting;Physical;30;30;100;The target is quickly kicked twice in succession using both feet.;;
Mega Kick;Normal;Physical;5;120;75;The target is attacked by a kick launched with muscle-packed power.;;
Jump Kick;Fighting;Physical;10;100;95;The user jumps up high, then strikes with a kick. If the kick misses, the user hurts itself.;;
Rolling Kick;Fighting;Physical;15;60;85;The user lashes out with a quick, spinning kick. This may also make the target flinch.;;
Sand Attack;Ground;Status;15;—;100;Sand is hurled in the target's face, reducing the target's accuracy.;;
Headbutt;Normal;Physical;15;70;100;The user sticks out its head and attacks by charging straight into the target. This may also make the target flinch.;;
Horn Attack;Normal;Physical;25;65;100;The target is jabbed with a sharply pointed horn to inflict damage.;;
Fury Attack;Normal;Physical;20;15;85;The target is jabbed repeatedly with a horn or beak two to five times in a row.;;
Horn Drill;Normal;Physical;5;—;30;The user stabs the target with a horn that rotates like a drill. The target faints instantly if this attack hits.;;
Tackle;Normal;Physical;35;40;100;A physical attack in which the user charges and slams into the target with its whole body.;;
Body Slam;Normal;Physical;15;85;100;The user drops onto the target with its full body weight. This may also leave the target with paralysis.;;
Wrap;Normal;Physical;20;15;90;A long body or vines are used to wrap and squeeze the target for four to five turns.;;
Take Down;Normal;Physical;20;90;85;A reckless, full-body charge attack for slamming into the target. This also damages the user a little.;;
Thrash;Normal;Physical;10;120;100;The user rampages and attacks for two to three turns. The user then becomes confused.;;
Double-Edge;Normal;Physical;15;120;100;A reckless, life-risking tackle. This also damages the user quite a lot.;;
Tail Whip;Normal;Status;30;—;100;The user wags its tail cutely, making opposing Pokémon less wary and lowering their Defense stat.;;
Poison Sting;Poison;Physical;35;15;100;The user stabs the target with a poisonous stinger. This may also poison the target.;;
Twineedle;Bug;Physical;20;25;100;The user damages the target twice in succession by jabbing it with two spikes. This may also poison the target.;;
Pin Missile;Bug;Physical;20;25;95;Sharp spikes are shot at the target in rapid succession. They hit two to five times in a row.;;
Leer;Normal;Status;30;—;100;The user gives opposing Pokémon an intimidating leer that lowers the Defense stat.;;
Bite;Dark;Physical;25;60;100;The target is bitten with viciously sharp fangs. This may also make the target flinch.;;
Growl;Normal;Status;40;—;100;The user growls in an endearing way, making opposing Pokémon less wary. This lowers their Attack stats.;;
Roar;Normal;Status;20;—;∞;The target is scared off and a different Pokémon is dragged out. In the wild, this ends a battle against a single Pokémon.;;
Sing;Normal;Status;15;—;55;A soothing lullaby is sung in a calming voice that puts the target into a deep slumber.;;
Supersonic;Normal;Status;20;—;55;The user generates odd sound waves from its body that confuse the target.;;
Sonic Boom;Normal;Special;20;—;90;The target is hit with a destructive shock wave that always inflicts 20 HP damage.;;
Disable;Normal;Status;20;—;100;For four turns, this move prevents the target from using the move it last used.;;
Acid;Poison;Special;30;40;100;The opposing Pokémon are attacked with a spray of harsh acid. This may also lower their Sp. Def stats.;;
Ember;Fire;Special;25;40;100;The target is attacked with small flames. This may also leave the target with a burn.;;
Flamethrower;Fire;Special;15;90;100;The target is scorched with an intense blast of fire. This may also leave the target with a burn.;;
Mist;Ice;Status;30;—;—;The user cloaks itself and its allies in a white mist that prevents any of their stats from being lowered for five turns.;;
Water Gun;Water;Special;25;40;100;The target is blasted with a forceful shot of water.;;
Hydro Pump;Water;Special;5;110;80;The target is blasted by a huge volume of water launched under great pressure.;;
Surf;Water;Special;15;90;100;The user attacks everything around it by swamping its surroundings with a giant wave. This can also be used for crossing water.;;
Ice Beam;Ice;Special;10;90;100;The target is struck with an icy-cold beam of energy. This may also leave the target frozen.;;
Blizzard;Ice;Special;5;110;70;A howling blizzard is summoned to strike opposing Pokémon. This may also leave the opposing Pokémon frozen.;;
Psybeam;Psychic;Special;20;65;100;The target is attacked with a peculiar ray. This may also leave the target confused.;;
Bubble Beam;Water;Special;20;65;100;A spray of bubbles is forcefully ejected at the target. This may also lower its Speed stat.;;
Aurora Beam;Ice;Special;20;65;100;The target is hit with a rainbow-colored beam. This may also lower the target's Attack stat.;;
Hyper Beam;Normal;Special;5;150;90;The target is attacked with a powerful beam. The user can't move on the next turn.;;
Peck;Flying;Physical;35;35;100;The target is jabbed with a sharply pointed beak or horn.;;
Drill Peck;Flying;Physical;20;80;100;A corkscrewing attack with a sharp beak acting as a drill.;;
Submission;Fighting;Physical;20;80;80;The user grabs the target and recklessly dives for the ground. This also damages the user a little.;;
Low Kick;Fighting;Physical;20;—;100;A powerful low kick that makes the target fall over. The heavier the target, the greater the move's power.;;
Counter;Fighting;Physical;20;—;100;A retaliation move that counters any physical attack, inflicting double the damage taken.;;
Seismic Toss;Fighting;Physical;20;—;100;The target is thrown using the power of gravity. It inflicts damage equal to the user's level.;;
Strength;Normal;Physical;15;80;100;The target is slugged with a punch thrown at maximum power. This can also be used to move heavy boulders.;;
Absorb;Grass;Special;25;20;100;A nutrient-draining attack. The user's HP is restored by half the damage taken by the target.;;
Mega Drain;Grass;Special;15;40;100;A nutrient-draining attack. The user's HP is restored by half the damage taken by the target.;;
Leech Seed;Grass;Status;10;—;90;A seed is planted on the target. It steals some HP from the target every turn.;;
Growth;Normal;Status;20;—;—;The user's body grows all at once, raising the Attack and Sp. Atk stats.;;
Razor Leaf;Grass;Physical;25;55;95;Sharp-edged leaves are launched to slash at the opposing Pokémon. Critical hits land more easily.;;
Solar Beam;Grass;Special;10;120;100;A two-turn attack. The user gathers light, then blasts a bundled beam on the next turn.;;
Poison Powder;Poison;Status;35;—;75;The user scatters a cloud of poisonous dust on the target. This may also poison the target.;;
Stun Spore;Grass;Status;30;—;75;The user scatters a cloud of numbing powder that paralyzes the target.;;
Sleep Powder;Grass;Status;15;—;75;The user scatters a big cloud of sleep-inducing dust around the target.;;
Petal Dance;Grass;Special;10;120;100;The user attacks the target by scattering petals for two to three turns. The user then becomes confused.;;
String Shot;Bug;Status;40;—;95;The opposing Pokémon are bound with silk blown from the user's mouth that harshly lowers the Speed stat.;;
Dragon Rage;Dragon;Special;10;—;100;This attack hits the target with a shock wave of pure rage. This attack always inflicts 40 HP damage.;;
Fire Spin;Fire;Special;15;35;85;The target becomes trapped within a fierce vortex of fire that rages for four to five turns.;;
Thunder Shock;Electric;Special;30;40;100;A jolt of electricity crashes down on the target to inflict damage. This may also leave the target with paralysis.;;
Thunderbolt;Electric;Special;15;90;100;A strong electric blast crashes down on the target. This may also leave the target with paralysis.;;
Thunder Wave;Electric;Status;20;—;90;The user launches a weak jolt of electricity that paralyzes the target.;;
Thunder;Electric;Special;10;110;70;A wicked thunderbolt is dropped on the target to inflict damage. This may also leave the target with paralysis.;;
Rock Throw;Rock;Physical;15;50;90;The user picks up and throws a small rock at the target to attack.;;
Earthquake;Ground;Physical;10;100;100;The user sets off an earthquake that strikes every Pokémon around it.;;
Fissure;Ground;Physical;5;—;30;The user opens up a fissure in the ground and drops the target in. The target faints instantly if this attack hits.;;
Dig;Ground;Physical;10;80;100;The user burrows, then attacks on the next turn. It can also be used to exit dungeons.;;
Toxic;Poison;Status;10;—;90;A move that leaves the target badly poisoned. Its poison damage worsens every turn.;;
Confusion;Psychic;Special;25;50;100;The target is hit by a weak telekinetic force. This may also confuse the target.;;
Psychic;Psychic;Special;10;90;100;The target is hit by a strong telekinetic force. This may also lower the target's Sp. Def stat.;;
Hypnosis;Psychic;Status;20;—;60;The user employs hypnotic suggestion to make the target fall into a deep sleep.;;
Meditate;Psychic;Status;40;—;—;The user meditates to awaken the power deep within its body and raise its Attack stat.;;
Agility;Psychic;Status;30;—;—;The user relaxes and lightens its body to move faster. This sharply raises the Speed stat.;;
Quick Attack;Normal;Physical;30;40;100;The user lunges at the target at a speed that makes it almost invisible. This move always goes first.;;
Rage;Normal;Physical;20;20;100;As long as this move is in use, the power of rage raises the Attack stat each time the user is hit in battle.;;
Teleport;Psychic;Status;20;—;—;Use it to flee from any wild Pokémon. It can also warp to the last Pokémon Center visited.;;
Night Shade;Ghost;Special;15;—;100;The user makes the target see a frightening mirage. It inflicts damage equal to the user's level.;;
Mimic;Normal;Status;10;—;∞;The user copies the target's last move. The move can be used during battle until the Pokémon is switched out.;;
Screech;Normal;Status;40;—;85;An earsplitting screech harshly lowers the target's Defense stat.;;
Double Team;Normal;Status;15;—;—;By moving rapidly, the user makes illusory copies of itself to raise its evasiveness.;;
Recover;Normal;Status;5;—;—;Restoring its own cells, the user restores its own HP by half of its max HP.;;
Harden;Normal;Status;30;—;—;The user stiffens all the muscles in its body to raise its Defense stat.;;
Minimize;Normal;Status;10;—;—;The user compresses its body to make itself look smaller, which sharply raises its evasiveness.;;
Smokescreen;Normal;Status;20;—;100;The user releases an obscuring cloud of smoke or ink. This lowers the target's accuracy.;;
Confuse Ray;Ghost;Status;10;—;100;The target is exposed to a sinister ray that triggers confusion.;;
Withdraw;Water;Status;40;—;—;The user withdraws its body into its hard shell, raising its Defense stat.;;
Defense Curl;Normal;Status;40;—;—;The user curls up to conceal weak spots and raise its Defense stat.;;
Barrier;Psychic;Status;20;—;—;The user throws up a sturdy wall that sharply raises its Defense stat.;;
Light Screen;Psychic;Status;30;—;—;A wondrous wall of light is put up to reduce damage from special attacks for five turns.;;
Haze;Ice;Status;30;—;—;The user creates a haze that eliminates every stat change among all the Pokémon engaged in battle.;;
Reflect;Psychic;Status;20;—;—;A wondrous wall of light is put up to reduce damage from physical attacks for five turns.;;
Focus Energy;Normal;Status;30;—;—;The user takes a deep breath and focuses so that critical hits land more easily.;;
Bide;Normal;Physical;10;—;∞;The user endures attacks for two turns, then strikes back to cause double the damage taken.;;
Metronome;Normal;Status;10;—;—;The user waggles a finger and stimulates its brain into randomly using nearly any move.;;
Mirror Move;Flying;Status;20;—;—;The user counters the target by mimicking the target's last move.;;
Self-Destruct;Normal;Physical;5;200;100;The user attacks everything around it by causing an explosion. The user faints upon using this move.;;
Egg Bomb;Normal;Physical;10;100;75;A large egg is hurled at the target with maximum force to inflict damage.;;
Lick;Ghost;Physical;30;30;100;The target is licked with a long tongue, causing damage. This may also leave the target with paralysis.;;
Smog;Poison;Special;20;30;70;The target is attacked with a discharge of filthy gases. This may also poison the target.;;
Sludge;Poison;Special;20;65;100;Unsanitary sludge is hurled at the target. This may also poison the target.;;
Bone Club;Ground;Physical;20;65;85;The user clubs the target with a bone. This may also make the target flinch.;;
Fire Blast;Fire;Special;5;110;85;The target is attacked with an intense blast of all-consuming fire. This may also leave the target with a burn.;;
Waterfall;Water;Physical;15;80;100;The user charges at the target and may make it flinch. This can also be used to climb a waterfall.;;
Clamp;Water;Physical;15;35;85;The target is clamped and squeezed by the user's very thick and sturdy shell for four to five turns.;;
Swift;Normal;Special;20;60;∞;Star-shaped rays are shot at the opposing Pokémon. This attack never misses.;;
Skull Bash;Normal;Physical;10;130;100;The user tucks in its head to raise its Defense in the first turn, then rams the target on the next turn.;;
Spike Cannon;Normal;Physical;15;20;100;Sharp spikes are shot at the target in rapid succession. They hit two to five times in a row.;;
Constrict;Normal;Physical;35;10;100;The target is attacked with long, creeping tentacles or vines. This may also lower the target's Speed stat.;;
Amnesia;Psychic;Status;20;—;—;The user temporarily empties its mind to forget its concerns. This sharply raises the user's Sp. Def stat.;;
Kinesis;Psychic;Status;15;—;80;The user distracts the target by bending a spoon. This lowers the target's accuracy.;;
Soft-Boiled;Normal;Status;10;—;—;The user restores its own HP by up to half of its max HP. May also be used in the field to heal HP.;;
High Jump Kick;Fighting;Physical;10;130;90;The target is attacked with a knee kick from a jump. If it misses, the user is hurt instead.;;
Glare;Normal;Status;30;—;100;The user intimidates the target with the pattern on its belly to cause paralysis.;;
Dream Eater;Psychic;Special;15;100;100;The user eats the dreams of a sleeping target. It absorbs half the damage caused to heal its own HP.;;
Poison Gas;Poison;Status;40;—;90;A cloud of poison gas is sprayed in the face of opposing Pokémon. This may also poison those hit.;;
Barrage;Normal;Physical;20;15;85;Round objects are hurled at the target to strike two to five times in a row.;;
Leech Life;Bug;Physical;15;80;100;The user drains the target's blood. The user's HP is restored by half the damage taken by the target.;;
Lovely Kiss;Normal;Status;10;—;75;With a scary face, the user tries to force a kiss on the target. If it succeeds, the target falls asleep.;;
Sky Attack;Flying;Physical;5;140;90;A second-turn attack move where critical hits land more easily. This may also make the target flinch.;;
Transform;Normal;Status;10;—;—;The user transforms into a copy of the target right down to having the same move set.;;
Bubble;Water;Special;30;40;100;A spray of countless bubbles is jetted at the opposing Pokémon. This may also lower their Speed stats.;;
Dizzy Punch;Normal;Physical;10;70;100;The target is hit with rhythmically launched punches. This may also leave the target confused.;;
Spore;Grass;Status;15;—;100;The user scatters bursts of spores that induce sleep.;;
Flash;Normal;Status;20;—;100;The user flashes a bright light that cuts the target's accuracy. It can also be used to illuminate dark caves.;;
Psywave;Psychic;Special;15;—;100;The target is attacked with an odd psychic wave. The attack varies in intensity.;;
Splash;Normal;Status;40;—;—;The user just flops and splashes around to no effect at all...;;
Acid Armor;Poison;Status;20;—;—;The user alters its cellular structure to liquefy itself, sharply raising its Defense stat.;;
Crabhammer;Water;Physical;10;100;90;The target is hammered with a large pincer. Critical hits land more easily.;;
Explosion;Normal;Physical;5;250;100;The user attacks everything around it by causing a tremendous explosion. The user faints upon using this move.;;
Fury Swipes;Normal;Physical;15;18;80;The target is raked with sharp claws or scythes quickly two to five times in a row.;;
Bone Rush;Ground;Physical;10;25;90;The user strikes the target with a hard bone two to five times in a row.;;
Rest;Psychic;Status;10;—;—;The user goes to sleep for two turns. This fully restores the user's HP and heals any status conditions.;;
Rock Slide;Rock;Physical;10;75;90;Large boulders are hurled at the opposing Pokémon to inflict damage. This may also make the opposing Pokémon flinch.;;
Hyper Fang;Normal;Physical;15;80;90;The user bites hard on the target with its sharp front fangs. This may also make the target flinch.;;
Sharpen;Normal;Status;30;—;—;The user lowers its polygon count to make itself more jagged, raising the Attack stat.;;
Conversion;Normal;Status;30;—;—;The user changes its type to become the same type as the move at the top of the list of moves it knows.;;
Tri Attack;Normal;Special;10;80;100;The user strikes with a simultaneous three-beam attack. May also burn, freeze, or leave the target with paralysis.;;
Super Fang;Normal;Physical;10;—;90;The user chomps hard on the target with its sharp front fangs. This cuts the target's HP in half.;;
Slash;Normal;Physical;20;70;100;The target is attacked with a slash of claws or blades. Critical hits land more easily.;;
Substitute;Normal;Status;10;—;—;The user makes a copy of itself using some of its HP. The copy serves as the user's decoy.;;
Struggle;Normal;Physical;—;50;100;It is a move that every Pokémon can use when none of its moves are usable, although no Pokémon can naturally learn it.;;
Sketch;Normal;Status;1;—;—;It enables the user to permanently learn the move last used by the target. Once used, Sketch disappears.;;
Triple Kick;Fighting;Physical;10;10;90;A consecutive three-kick attack that becomes more powerful with each successive hit.;;
Thief;Dark;Physical;10;60;100;The user attacks and steals the target's held item simultaneously. The user can't steal anything if it already holds an item.;;
Spider Web;Bug;Status;10;—;—;The user ensnares the target with thin, gooey silk so it can't flee from battle.;;
Mind Reader;Normal;Status;5;—;—;The user senses the target's movements with its mind to ensure its next attack does not miss the target.;;
Nightmare;Ghost;Status;15;—;100;A sleeping target sees a nightmare that inflicts some damage every turn.;;
Flame Wheel;Fire;Physical;25;60;100;The user cloaks itself in fire and charges at the target. This may also leave the target with a burn.;;
Snore;Normal;Special;15;50;100;An attack that can be used only if the user is asleep. The harsh noise may also make the target flinch.;;
Curse;Ghost;Status;10;—;—;A move that works differently for the Ghost type than for all other types.;;
Flail;Normal;Physical;15;—;100;The user flails about aimlessly to attack. The less HP the user has, the greater the move's power.;;
Conversion 2;Normal;Status;30;—;—;The user changes its type to make itself resistant to the type of the attack the opponent used last.;;
Aeroblast;Flying;Special;5;100;95;A vortex of air is shot at the target to inflict damage. Critical hits land more easily.;;
Cotton Spore;Grass;Status;40;—;100;The user releases cotton-like spores that cling to the opposing Pokémon, which harshly lowers their Speed stats.;;
Reversal;Fighting;Physical;15;—;100;An all-out attack that becomes more powerful the less HP the user has.;;
Spite;Ghost;Status;10;—;100;The user unleashes its grudge on the move last used by the target by cutting 4 PP from it.;;
Powder Snow;Ice;Special;25;40;100;The user attacks with a chilling gust of powdery snow. This may also freeze the opposing Pokémon.;;
Protect;Normal;Status;10;—;—;Enables the user to evade all attacks. Its chance of failing rises if it is used in succession.;;
Mach Punch;Fighting;Physical;30;40;100;The user throws a punch at blinding speed. This move always goes first.;;
Scary Face;Normal;Status;10;—;100;The user frightens the target with a scary face to harshly lower its Speed stat.;;
Feint Attack;Dark;Physical;20;60;∞;The user approaches the target disarmingly, then throws a sucker punch. This attack never misses.;;
Sweet Kiss;Fairy;Status;10;—;75;The user kisses the target with a sweet, angelic cuteness that causes confusion.;;
Belly Drum;Normal;Status;10;—;—;The user maximizes its Attack stat in exchange for HP equal to half its max HP.;;
Sludge Bomb;Poison;Special;10;90;100;Unsanitary sludge is hurled at the target. This may also poison the target.;;
Mud-Slap;Ground;Special;10;20;100;The user hurls mud in the target's face to inflict damage and lower its accuracy.;;
Octazooka;Water;Special;10;65;85;The user attacks by spraying ink at the target's face or eyes. This may also lower the target's accuracy.;;
Spikes;Ground;Status;20;—;—;The user lays a trap of spikes at the opposing team's feet. The trap hurts Pokémon that switch into battle.;;
Zap Cannon;Electric;Special;5;120;50;The user fires an electric blast like a cannon to inflict damage and cause paralysis.;;
Foresight;Normal;Status;40;—;—;Enables a Ghost-type target to be hit by Normal- and Fighting-type attacks. This also enables an evasive target to be hit.;;
Destiny Bond;Ghost;Status;5;—;—;When this move is used, if the user faints, the Pokémon that landed the knockout hit also faints.;;
Perish Song;Normal;Status;5;—;—;Any Pokémon that hears this song faints in three turns, unless it switches out of battle.;;
Icy Wind;Ice;Special;15;55;95;The user attacks with a gust of chilled air. This also lowers the opposing Pokémon's Speed stats.;;
Detect;Fighting;Status;5;—;—;Enables the user to evade all attacks. Its chance of failing rises if it is used in succession.;;
Lock-On;Normal;Status;5;—;—;The user takes sure aim at the target. This ensures the next attack does not miss the target.;;
Outrage;Dragon;Physical;10;120;100;The user rampages and attacks for two to three turns. It then becomes confused, however.;;
Sandstorm;Rock;Status;10;—;—;A five-turn sandstorm is summoned to hurt all combatants except the Rock, Ground, and Steel types.;;
Giga Drain;Grass;Special;10;75;100;A nutrient-draining attack. The user's HP is restored by half the damage taken by the target.;;
Endure;Normal;Status;10;—;—;The user endures any attack with at least 1 HP. Its chance of failing rises if it is used in succession.;;
Charm;Fairy;Status;20;—;100;The user gazes at the target rather charmingly, making it less wary. This harshly lowers its Attack stat.;;
Rollout;Rock;Physical;20;30;90;The user continually rolls into the target over five turns. It becomes more powerful each time it hits.;;
False Swipe;Normal;Physical;40;40;100;A restrained attack that prevents the target from fainting. The target is left with at least 1 HP.;;
Swagger;Normal;Status;15;—;85;The user enrages and confuses the target. However, this also sharply raises the target's Attack stat.;;
Milk Drink;Normal;Status;10;—;—;The user restores its own HP by up to half of its max HP. May also be used in the field to heal HP.;;
Spark;Electric;Physical;20;65;100;The user throws an electrically charged tackle at the target. This may also leave the target with paralysis.;;
Fury Cutter;Bug;Physical;20;40;95;The target is slashed with scythes or claws. This attack becomes more powerful if it hits in succession.;;
Steel Wing;Steel;Physical;25;70;90;The target is hit with wings of steel. This may also raise the user's Defense stat.;;
Mean Look;Normal;Status;5;—;—;The user pins the target with a dark, arresting look. The target becomes unable to flee.;;
Attract;Normal;Status;15;—;100;If it is the opposite gender of the user, the target becomes infatuated and less likely to attack.;;
Sleep Talk;Normal;Status;10;—;—;While it is asleep, the user randomly uses one of the moves it knows.;;
Heal Bell;Normal;Status;5;—;—;The user makes a soothing bell chime to heal the status conditions of all the party Pokémon.;;
Return;Normal;Physical;20;—;100;A full-power attack that grows more powerful the more the user likes its Trainer.;;
Present;Normal;Physical;15;—;90;The user attacks by giving the target a gift with a hidden trap. It restores HP sometimes, however.;;
Frustration;Normal;Physical;20;—;100;A full-power attack that grows more powerful the less the user likes its Trainer.;;
Safeguard;Normal;Status;25;—;—;The user creates a protective field that prevents status conditions for five turns.;;
Pain Split;Normal;Status;20;—;—;The user adds its HP to the target's HP, then equally shares the combined HP with the target.;;
Sacred Fire;Fire;Physical;5;100;95;The target is razed with a mystical fire of great intensity. This may also leave the target with a burn.;;
Magnitude;Ground;Physical;30;—;100;The user attacks everything around it with a ground-shaking quake. Its power varies.;;
Dynamic Punch;Fighting;Physical;5;100;50;The user punches the target with full, concentrated power. This confuses the target if it hits.;;
Megahorn;Bug;Physical;10;120;85;Using its tough and impressive horn, the user rams into the target with no letup.;;
Dragon Breath;Dragon;Special;20;60;100;The user exhales a mighty gust that inflicts damage. This may also leave the target with paralysis.;;
Baton Pass;Normal;Status;40;—;—;The user switches places with a party Pokémon in waiting and passes along any stat changes.;;
Encore;Normal;Status;5;—;100;The user compels the target to keep using only the move it last used for three turns.;;
Pursuit;Dark;Physical;20;40;100;An attack move that inflicts double damage if used on a target that is switching out of battle.;;
Rapid Spin;Normal;Physical;40;20;100;A spin attack that can also eliminate such moves as Bind, Wrap, Leech Seed, and Spikes.;;
Sweet Scent;Normal;Status;20;—;100;A sweet scent that harshly lowers opposing Pokémon's evasiveness. This also lures wild Pokémon if used in places such as tall grass.;;
Iron Tail;Steel;Physical;15;100;75;The target is slammed with a steel-hard tail. This may also lower the target's Defense stat.;;
Metal Claw;Steel;Physical;35;50;95;The target is raked with steel claws. This may also raise the user's Attack stat.;;
Vital Throw;Fighting;Physical;10;70;∞;The user attacks last. In return, this throw move never misses.;;
Morning Sun;Normal;Status;5;—;—;The user restores its own HP. The amount of HP regained varies with the weather.;;
Synthesis;Grass;Status;5;—;—;The user restores its own HP. The amount of HP regained varies with the weather.;;
Moonlight;Fairy;Status;5;—;—;The user restores its own HP. The amount of HP regained varies with the weather.;;
Hidden Power;Normal;Special;15;60;100;A unique attack that varies in type depending on the Pokémon using it.;;
Cross Chop;Fighting;Physical;5;100;80;The user delivers a double chop with its forearms crossed. Critical hits land more easily.;;
Twister;Dragon;Special;20;40;100;The user whips up a vicious tornado to tear at the opposing Pokémon. This may also make them flinch.;;
Rain Dance;Water;Status;5;—;—;The user summons a heavy rain that falls for five turns, powering up Water-type moves.;;
Sunny Day;Fire;Status;5;—;—;The user intensifies the sun for five turns, powering up Fire-type moves.;;
Crunch;Dark;Physical;15;80;100;The user crunches up the target with sharp fangs. This may also lower the target's Defense stat.;;
Mirror Coat;Psychic;Special;20;—;100;A retaliation move that counters any special attack, inflicting double the damage taken.;;
Psych Up;Normal;Status;10;—;—;The user hypnotizes itself into copying any stat change made by the target.;;
Extreme Speed;Normal;Physical;5;80;100;The user charges the target at blinding speed. This move always goes first.;;
Ancient Power;Rock;Special;5;60;100;The user attacks with a prehistoric power. This may also raise all the user's stats at once.;;
Shadow Ball;Ghost;Special;15;80;100;The user hurls a shadowy blob at the target. This may also lower the target's Sp. Def stat.;;
Future Sight;Psychic;Special;10;120;100;Two turns after this move is used, a hunk of psychic energy attacks the target.;;
Rock Smash;Fighting;Physical;15;40;100;The user attacks with a punch. This may also lower the target's Defense stat. This move can also shatter rocks in the field.;;
Whirlpool;Water;Special;15;35;85;The user traps the target in a violent swirling whirlpool for four to five turns.;;
Beat Up;Dark;Physical;10;—;100;The user gets all party Pokémon to attack the target. The more party Pokémon, the greater the number of attacks.;;
Fake Out;Normal;Physical;10;40;100;An attack that hits first and makes the target flinch. It only works the first turn the user is in battle.;;
Uproar;Normal;Special;10;90;100;The user attacks in an uproar for three turns. During that time, no one can fall asleep.;;
Stockpile;Normal;Status;20;—;—;The user charges up power and raises both its Defense and Sp. Def. stats. The move can be used three times.;;
Spit Up;Normal;Special;10;—;100;The power stored using the move Stockpile is released at once in an attack. The more power is stored, the greater the move's power.;;
Swallow;Normal;Status;10;—;—;The power stored using the move Stockpile is absorbed by the user to heal its HP. Storing more power heals more HP.;;
Heat Wave;Fire;Special;10;95;90;The user attacks by exhaling hot breath on the opposing Pokémon. This may also leave those Pokémon with a burn.;;
Hail;Ice;Status;10;—;—;The user summons a hailstorm lasting five turns. It damages all Pokémon except the Ice type.;;
Torment;Dark;Status;15;—;100;The user torments and enrages the target, making it incapable of using the same move twice in a row.;;
Flatter;Dark;Status;15;—;100;Flattery is used to confuse the target. However, this also raises the target's Sp. Atk stat.;;
Will-O-Wisp;Fire;Status;15;—;85;The user shoots a sinister, bluish-white flame at the target to inflict a burn.;;
Memento;Dark;Status;10;—;100;The user faints when using this move. In return, this harshly lowers the target's Attack and Sp. Atk stats.;;
Facade;Normal;Physical;20;70;100;An attack move that doubles its power if the user is poisoned, is burned, or has paralysis.;;
Focus Punch;Fighting;Physical;20;150;100;The user focuses its mind before launching a punch. This move fails if the user is hit before it is used.;;
Smelling Salts;Normal;Physical;10;70;100;This attack inflicts double damage on a target with paralysis. This also cures the target's paralysis, however.;;
Follow Me;Normal;Status;20;—;—;The user draws attention to itself, making all targets take aim only at the user.;;
Nature Power;Normal;Status;20;—;—;An attack that makes use of nature's power. Its effects vary depending on the user's environment.;;
Charge;Electric;Status;20;—;—;The user boosts the power of the Electric move it uses on the next turn. This also raises the user's Sp. Def stat.;;
Taunt;Dark;Status;20;—;100;The target is taunted into a rage that allows it to use only attack moves for three turns.;;
Helping Hand;Normal;Status;20;—;—;The user assists an ally by boosting the power of that ally's attack.;;
Trick;Psychic;Status;10;—;100;The user catches the target off guard and swaps its held item with its own.;;
Role Play;Psychic;Status;10;—;—;The user mimics the target completely, copying the target's natural Ability.;;
Wish;Normal;Status;10;—;—;One turn after this move is used, the target's HP is restored by half the user's max HP.;;
Assist;Normal;Status;20;—;—;The user hurriedly and randomly uses a move among those known by other Pokémon in the party.;;
Ingrain;Grass;Status;20;—;—;The user lays roots that restore its HP on every turn. Because it is rooted, it can't switch out.;;
Superpower;Fighting;Physical;5;120;100;The user attacks the target with great power. However, this also lowers the user's Attack and Defense stats.;;
Magic Coat;Psychic;Status;15;—;—;A barrier reflects back to the target moves like Leech Seed and moves that damage status.;;
Recycle;Normal;Status;10;—;—;The user recycles a held item that has been used in battle so it can be used again.;;
Revenge;Fighting;Physical;10;60;100;An attack move that inflicts double the damage if the user has been hurt by the opponent in the same turn.;;
Brick Break;Fighting;Physical;15;75;100;The user attacks with a swift chop. It can also break barriers, such as Light Screen and Reflect.;;
Yawn;Normal;Status;10;—;—;The user lets loose a huge yawn that lulls the target into falling asleep on the next turn.;;
Knock Off;Dark;Physical;20;65;100;The user slaps down the target's held item, and that item can't be used in that battle. The move does more damage if the target has a held item.;;
Endeavor;Normal;Physical;5;—;100;An attack move that cuts down the target's HP to equal the user's HP.;;
Eruption;Fire;Special;5;150;100;The user attacks opposing Pokémon with explosive fury. The lower the user's HP, the lower the move's power.;;
Skill Swap;Psychic;Status;10;—;—;The user employs its psychic power to exchange Abilities with the target.;;
Imprison;Psychic;Status;10;—;—;If opposing Pokémon know any move also known by the user, they are prevented from using it.;;
Refresh;Normal;Status;20;—;—;The user rests to cure itself of a poisoning, burn, or paralysis.;;
Grudge;Ghost;Status;5;—;—;If the user faints, the user's grudge fully depletes the PP of the opponent's move that knocked it out.;;
Snatch;Dark;Status;10;—;—;The user steals the effects of any attempts to use a healing or stat-changing move.;;
Secret Power;Normal;Physical;20;70;100;An attack whose additional effects depend on where it was used. Can also be used to make a Secret Base.;;
Dive;Water;Physical;10;80;100;Diving on the first turn, the user floats up and attacks on the next turn. It can be used to dive deep in the ocean.;;
Arm Thrust;Fighting;Physical;20;15;100;The user looses a flurry of open-palmed arm thrusts that hit two to five times in a row.;;
Camouflage;Normal;Status;20;—;—;The user's type is changed depending on its environment, such as at water's edge, in grass, or in a cave.;;
Tail Glow;Bug;Status;20;—;—;The user stares at flashing lights to focus its mind, drastically raising its Sp. Atk stat.;;
Luster Purge;Psychic;Special;5;70;100;The user lets loose a damaging burst of light. This may also lower the target's Sp. Def stat.;;
Mist Ball;Psychic;Special;5;70;100;A mist-like flurry of down envelops and damages the target. This may also lower the target's Sp. Atk stat.;;
Feather Dance;Flying;Status;15;—;100;The user covers the target's body with a mass of down that harshly lowers its Attack stat.;;
Teeter Dance;Normal;Status;20;—;100;The user performs a wobbly dance that confuses the Pokémon around it.;;
Blaze Kick;Fire;Physical;10;85;90;The user launches a kick that lands a critical hit more easily. This may also leave the target with a burn.;;
Mud Sport;Ground;Status;15;—;—;The user covers itself with mud. This weakens Electric-type moves for five turns.;;
Ice Ball;Ice;Physical;20;30;90;The user continually rolls into the target over five turns. It becomes stronger each time it hits.;;
Needle Arm;Grass;Physical;15;60;100;The user attacks by wildly swinging its thorny arms. This may also make the target flinch.;;
Slack Off;Normal;Status;10;—;—;The user slacks off, restoring its own HP by up to half of its max HP.;;
Hyper Voice;Normal;Special;10;90;100;The user lets loose a horribly echoing shout with the power to inflict damage.;;
Poison Fang;Poison;Physical;15;50;100;The user bites the target with toxic fangs. This may also leave the target badly poisoned.;;
Crush Claw;Normal;Physical;10;75;95;The user slashes the target with hard and sharp claws. This may also lower the target's Defense.;;
Blast Burn;Fire;Special;5;150;90;The target is razed by a fiery explosion. The user can't move on the next turn.;;
Hydro Cannon;Water;Special;5;150;90;The target is hit by a watery blast. The user can't move on the next turn.;;
Meteor Mash;Steel;Physical;10;90;90;The target is hit with a hard punch fired like a meteor. This may also raise the user's Attack stat.;;
Astonish;Ghost;Physical;15;30;100;The user attacks the target while shouting in a startling fashion. This may also make the target flinch.;;
Weather Ball;Normal;Special;10;50;100;An attack move that varies in power and type depending on the weather.;;
Aromatherapy;Grass;Status;5;—;—;The user releases a soothing scent that heals all status conditions affecting the user's party.;;
Fake Tears;Dark;Status;10;—;100;The user feigns crying to fluster the target, harshly lowering its Sp. Def stat.;;
Air Cutter;Flying;Special;25;60;95;The user launches razor-like wind to slash the opposing Pokémon. Critical hits land more easily.;;
Overheat;Fire;Special;5;130;90;The user attacks the target at full power. The attack's recoil harshly lowers the user's Sp. Atk stat.;;
Odor Sleuth;Normal;Status;40;—;—;Enables a Ghost-type target to be hit with Normal- and Fighting-type attacks. This also enables an evasive target to be hit.;;
Rock Tomb;Rock;Physical;15;60;95;Boulders are hurled at the target. This also lowers the target's Speed stat by preventing its movement.;;
Silver Wind;Bug;Special;5;60;100;The target is attacked with powdery scales blown by wind. This may also raise all the user's stats.;;
Metal Sound;Steel;Status;40;—;85;A horrible sound like scraping metal harshly lowers the target's Sp. Def stat.;;
Grass Whistle;Grass;Status;15;—;55;The user plays a pleasant melody that lulls the target into a deep sleep.;;
Tickle;Normal;Status;20;—;100;The user tickles the target into laughing, reducing its Attack and Defense stats.;;
Cosmic Power;Psychic;Status;20;—;—;The user absorbs a mystical power from the space to raise its Defense and Sp. Def stats.;;
Water Spout;Water;Special;5;150;100;The user spouts water to damage opposing Pokémon. The lower the user's HP, the lower the move's power.;;
Signal Beam;Bug;Special;15;75;100;The user attacks with a sinister beam of light. This may also confuse the target.;;
Shadow Punch;Ghost;Physical;20;60;∞;The user throws a punch from the shadows. This attack never misses.;;
Extrasensory;Psychic;Special;20;80;100;The user attacks with an odd, unseeable power. This may also make the target flinch.;;
Sky Uppercut;Fighting;Physical;15;85;90;The user attacks the target with an uppercut thrown skyward with force.;;
Sand Tomb;Ground;Physical;15;35;85;The user traps the target inside a harshly raging sandstorm for four to five turns.;;
Sheer Cold;Ice;Special;5;—;30;The target is attacked with a blast of absolute-zero cold. The target faints instantly if this attack hits.;;
Muddy Water;Water;Special;10;90;85;The user attacks by shooting muddy water at the opposing Pokémon. This may also lower their accuracy.;;
Bullet Seed;Grass;Physical;30;25;100;The user forcefully shoots seeds at the target two to five times in a row.;;
Aerial Ace;Flying;Physical;20;60;∞;The user confounds the target with speed, then slashes. This attack never misses.;;
Icicle Spear;Ice;Physical;30;25;100;The user launches sharp icicles at the target two to five times in a row.;;
Iron Defense;Steel;Status;15;—;—;The user hardens its body's surface like iron, sharply raising its Defense stat.;;
Block;Normal;Status;5;—;—;The user blocks the target's way with arms spread wide to prevent escape.;;
Howl;Normal;Status;40;—;—;The user howls loudly to raise its spirit, which raises its Attack stat.;;
Dragon Claw;Dragon;Physical;15;80;100;The user slashes the target with huge, sharp claws.;;
Frenzy Plant;Grass;Special;5;150;90;The user slams the target with an enormous tree. The user can't move on the next turn.;;
Bulk Up;Fighting;Status;20;—;—;The user tenses its muscles to bulk up its body, raising both its Attack and Defense stats.;;
Bounce;Flying;Physical;5;85;85;The user bounces up high, then drops on the target on the second turn. This may also leave the target with paralysis.;;
Mud Shot;Ground;Special;15;55;95;The user attacks by hurling a blob of mud at the target. This also lowers the target's Speed stat.;;
Poison Tail;Poison;Physical;25;50;100;The user hits the target with its tail. This may also poison the target. Critical hits land more easily.;;
Covet;Normal;Physical;25;60;100;The user endearingly approaches the target, then steals the target's held item.;;
Volt Tackle;Electric;Physical;15;120;100;The user electrifies itself, then charges. This also damages the user quite a lot. This may leave the target with paralysis.;;
Magical Leaf;Grass;Special;20;60;∞;The user scatters curious leaves that chase the target. This attack never misses.;;
Water Sport;Water;Status;15;—;—;The user soaks itself with water. This weakens Fire-type moves for five turns.;;
Calm Mind;Psychic;Status;20;—;—;The user quietly focuses its mind and calms its spirit to raise its Sp. Atk and Sp. Def stats.;;
Leaf Blade;Grass;Physical;15;90;100;The user handles a sharp leaf like a sword and attacks by cutting its target. Critical hits land more easily.;;
Dragon Dance;Dragon;Status;20;—;—;The user vigorously performs a mystic, powerful dance that boosts its Attack and Speed stats.;;
Rock Blast;Rock;Physical;10;25;90;The user hurls hard rocks at the target. Two to five rocks are launched in a row.;;
Shock Wave;Electric;Special;20;60;∞;The user strikes the target with a quick jolt of electricity. This attack never misses.;;
Water Pulse;Water;Special;20;60;100;The user attacks the target with a pulsing blast of water. This may also confuse the target.;;
Doom Desire;Steel;Special;5;140;100;Two turns after this move is used, the user blasts the target with a concentrated bundle of light.;;
Psycho Boost;Psychic;Special;5;140;90;The user attacks the target at full power. The attack's recoil harshly lowers the user's Sp. Atk stat.;;
Roost;Flying;Status;10;—;—;The user lands and rests its body. It restores the user's HP by up to half of its max HP.;;
Gravity;Psychic;Status;5;—;—;Gravity is intensified for five turns, making moves involving flying unusable and negating Levitate.;;
Miracle Eye;Psychic;Status;40;—;—;Enables a Dark-type target to be hit by Psychic-type attacks. This also enables an evasive target to be hit.;;
Wake-Up Slap;Fighting;Physical;10;70;100;This attack inflicts big damage on a sleeping target. This also wakes the target up, however.;;
Hammer Arm;Fighting;Physical;10;100;90;The user swings and hits with its strong and heavy fist. It lowers the user's Speed, however.;;
Gyro Ball;Steel;Physical;5;—;100;The user tackles the target with a high-speed spin. The slower the user compared to the target, the greater the move's power.;;
Healing Wish;Psychic;Status;10;—;—;The user faints. In return, the Pokémon taking its place will have its HP restored and status conditions cured.;;
Brine;Water;Special;10;65;100;If the target's HP is half or less, this attack will hit with double the power.;;
Natural Gift;Normal;Physical;15;—;100;The user draws power to attack by using its held Berry. The Berry determines the move's type and power.;;
Feint;Normal;Physical;10;30;100;An attack that hits a target using Protect or Detect. This also lifts the effects of those moves.;;
Pluck;Flying;Physical;20;60;100;The user pecks the target. If the target is holding a Berry, the user eats it and gains its effect.;;
Copycat;Normal;Status;20;—;—;The user mimics the move used immediately before it. The move fails if no other move has been used yet.;;
Close Combat;Fighting;Physical;5;120;100;The user fights the target up close without guarding itself. This also lowers the user's Defense and Sp. Def stats.;;
Payback;Dark;Physical;10;50;100;The user stores power, then attacks. If the user moves after the target, this attack's power will be doubled.;;
Assurance;Dark;Physical;10;60;100;If the target has already taken some damage in the same turn, this attack's power is doubled.;;
Embargo;Dark;Status;15;—;100;This move prevents the target from using its held item. Its Trainer is also prevented from using items on it.;;
Fling;Dark;Physical;10;—;100;The user flings its held item at the target to attack. This move's power and effects depend on the item.;;
Psycho Shift;Psychic;Status;10;—;100;Using its psychic power of suggestion, the user transfers its status conditions to the target.;;
Trump Card;Normal;Special;5;—;∞;The fewer PP this move has, the greater its power.;;
Heal Block;Psychic;Status;15;—;100;For five turns, the user prevents the opposing team from using any moves, Abilities, or held items that recover HP.;;
Wring Out;Normal;Special;5;—;100;The user powerfully wrings the target. The more HP the target has, the greater the move's power.;;
Power Trick;Psychic;Status;10;—;—;The user employs its psychic power to switch its Attack with its Defense stat.;;
Gastro Acid;Poison;Status;10;—;100;The user hurls up its stomach acids on the target. The fluid eliminates the effect of the target's Ability.;;
Lucky Chant;Normal;Status;30;—;—;The user chants an incantation toward the sky, preventing opposing Pokémon from landing critical hits.;;
Me First;Normal;Status;20;—;—;The user cuts ahead of the target to steal and use the target's intended move with greater power. This move fails if it isn't used first.;;
Power Swap;Psychic;Status;10;—;—;The user employs its psychic power to switch changes to its Attack and Sp. Atk stats with the target.;;
Guard Swap;Psychic;Status;10;—;—;The user employs its psychic power to switch changes to its Defense and Sp. Def stats with the target.;;
Punishment;Dark;Physical;5;—;100;The more the target has powered up with stat changes, the greater the move's power.;;
Last Resort;Normal;Physical;5;140;100;This move can be used only after the user has used all the other moves it knows in the battle.;;
Worry Seed;Grass;Status;10;—;100;A seed that causes worry is planted on the target. It prevents sleep by making the target's Ability Insomnia.;;
Sucker Punch;Dark;Physical;5;70;100;This move enables the user to attack first. This move fails if the target is not readying an attack.;;
Toxic Spikes;Poison;Status;20;—;—;The user lays a trap of poison spikes at the opposing team's feet. They poison opposing Pokémon that switch into battle.;;
Heart Swap;Psychic;Status;10;—;—;The user employs its psychic power to switch stat changes with the target.;;
Aqua Ring;Water;Status;20;—;—;The user envelops itself in a veil made of water. It regains some HP every turn.;;
Magnet Rise;Electric;Status;10;—;—;The user levitates using electrically generated magnetism for five turns.;;
Flare Blitz;Fire;Physical;15;120;100;The user cloaks itself in fire and charges the target. This also damages the user quite a lot. This may leave the target with a burn.;;
Force Palm;Fighting;Physical;10;60;100;The target is attacked with a shock wave. This may also leave the target with paralysis.;;
Aura Sphere;Fighting;Special;20;80;∞;The user looses a blast of aura power from deep within its body at the target. This attack never misses.;;
Rock Polish;Rock;Status;20;—;—;The user polishes its body to reduce drag. This can sharply raise the Speed stat.;;
Poison Jab;Poison;Physical;20;80;100;The target is stabbed with a tentacle or arm steeped in poison. This may also poison the target.;;
Dark Pulse;Dark;Special;15;80;100;The user releases a horrible aura imbued with dark thoughts. This may also make the target flinch.;;
Night Slash;Dark;Physical;15;70;100;The user slashes the target the instant an opportunity arises. Critical hits land more easily.;;
Aqua Tail;Water;Physical;10;90;90;The user attacks by swinging its tail as if it were a vicious wave in a raging storm.;;
Seed Bomb;Grass;Physical;15;80;100;The user slams a barrage of hard-shelled seeds on the target from above.;;
Air Slash;Flying;Special;15;75;95;The user attacks with a blade of air that slices even the sky. This may also make the target flinch.;;
X-Scissor;Bug;Physical;15;80;100;The user slashes at the target by crossing its scythes or claws as if they were a pair of scissors.;;
Bug Buzz;Bug;Special;10;90;100;The user vibrates its wings to generate a damaging sound wave. This may also lower the target's Sp. Def stat.;;
Dragon Pulse;Dragon;Special;10;85;100;The target is attacked with a shock wave generated by the user's gaping mouth.;;
Dragon Rush;Dragon;Physical;10;100;75;The user tackles the target while exhibiting overwhelming menace. This may also make the target flinch.;;
Power Gem;Rock;Special;20;80;100;The user attacks with a ray of light that sparkles as if it were made of gemstones.;;
Drain Punch;Fighting;Physical;10;75;100;An energy-draining punch. The user's HP is restored by half the damage taken by the target.;;
Vacuum Wave;Fighting;Special;30;40;100;The user whirls its fists to send a wave of pure vacuum at the target. This move always goes first.;;
Focus Blast;Fighting;Special;5;120;70;The user heightens its mental focus and unleashes its power. This may also lower the target's Sp. Def.;;
Energy Ball;Grass;Special;10;90;100;The user draws power from nature and fires it at the target. This may also lower the target's Sp. Def.;;
Brave Bird;Flying;Physical;15;120;100;The user tucks in its wings and charges from a low altitude. This also damages the user quite a lot.;;
Earth Power;Ground;Special;10;90;100;The user makes the ground under the target erupt with power. This may also lower the target's Sp. Def.;;
Switcheroo;Dark;Status;10;—;100;The user trades held items with the target faster than the eye can follow.;;
Giga Impact;Normal;Physical;5;150;90;The user charges at the target using every bit of its power. The user can't move on the next turn.;;
Nasty Plot;Dark;Status;20;—;—;The user stimulates its brain by thinking bad thoughts. This sharply raises the user's Sp. Atk.;;
Bullet Punch;Steel;Physical;30;40;100;The user strikes the target with tough punches as fast as bullets. This move always goes first.;;
Avalanche;Ice;Physical;10;60;100;An attack move that inflicts double the damage if the user has been hurt by the target in the same turn.;;
Ice Shard;Ice;Physical;30;40;100;The user flash-freezes chunks of ice and hurls them at the target. This move always goes first.;;
Shadow Claw;Ghost;Physical;15;70;100;The user slashes with a sharp claw made from shadows. Critical hits land more easily.;;
Thunder Fang;Electric;Physical;15;65;95;The user bites with electrified fangs. This may also make the target flinch or leave it with paralysis.;;
Ice Fang;Ice;Physical;15;65;95;The user bites with cold-infused fangs. This may also make the target flinch or leave it frozen.;;
Fire Fang;Fire;Physical;15;65;95;The user bites with flame-cloaked fangs. This may also make the target flinch or leave it with a burn.;;
Shadow Sneak;Ghost;Physical;30;40;100;The user extends its shadow and attacks the target from behind. This move always goes first.;;
Mud Bomb;Ground;Special;10;65;85;The user launches a hard-packed mud ball to attack. This may also lower the target's accuracy.;;
Psycho Cut;Psychic;Physical;20;70;100;The user tears at the target with blades formed by psychic power. Critical hits land more easily.;;
Zen Headbutt;Psychic;Physical;15;80;90;The user focuses its willpower to its head and attacks the target. This may also make the target flinch.;;
Mirror Shot;Steel;Special;10;65;85;The user lets loose a flash of energy at the target from its polished body. This may also lower the target's accuracy.;;
Flash Cannon;Steel;Special;10;80;100;The user gathers all its light energy and releases it at once. This may also lower the target's Sp. Def stat.;;
Rock Climb;Normal;Physical;20;90;85;The user attacks the target by smashing into it with incredible force. This may also confuse the target.;;
Defog;Flying;Status;15;—;∞;A strong wind blows away the target's barriers such as Reflect or Light Screen. This also lowers the target's evasiveness.;;
Trick Room;Psychic;Status;5;—;—;The user creates a bizarre area in which slower Pokémon get to move first for five turns.;;
Draco Meteor;Dragon;Special;5;130;90;Comets are summoned down from the sky onto the target. The attack's recoil harshly lowers the user's Special Attack stat.;;
Discharge;Electric;Special;15;80;100;The user strikes everything around it by letting loose a flare of electricity. This may also cause paralysis.;;
Lava Plume;Fire;Special;15;80;100;The user torches everything around it with an inferno of scarlet flames. This may also leave those hit with a burn.;;
Leaf Storm;Grass;Special;5;130;90;The user whips up a storm of leaves around the target. The attack's recoil harshly lowers the user's Sp. Atk stat.;;
Power Whip;Grass;Physical;10;120;85;The user violently whirls its vines or tentacles to harshly lash the target.;;
Rock Wrecker;Rock;Physical;5;150;90;The user launches a huge boulder at the target to attack. The user can't move on the next turn.;;
Cross Poison;Poison;Physical;20;70;100;A slashing attack with a poisonous blade that may also poison the target. Critical hits land more easily.;;
Gunk Shot;Poison;Physical;5;120;80;The user shoots filthy garbage at the target to attack. This may also poison the target.;;
Iron Head;Steel;Physical;15;80;100;The user slams the target with its steel-hard head. This may also make the target flinch.;;
Magnet Bomb;Steel;Physical;20;60;∞;The user launches steel bombs that stick to the target. This attack never misses.;;
Stone Edge;Rock;Physical;5;100;80;The user stabs the target with sharpened stones from below. Critical hits land more easily.;;
Captivate;Normal;Status;20;—;100;If any opposing Pokémon is the opposite gender of the user, it is charmed, which harshly lowers its Sp. Atk stat.;;
Stealth Rock;Rock;Status;20;—;—;The user lays a trap of levitating stones around the opposing team. The trap hurts opposing Pokémon that switch into battle.;;
Grass Knot;Grass;Special;20;—;100;The user snares the target with grass and trips it. The heavier the target, the greater the move's power.;;
Chatter;Flying;Special;20;65;100;The user attacks the target with sound waves of deafening chatter. This confuses the target.;;
Judgment;Normal;Special;10;100;100;The user releases countless shots of light at the target. This move's type varies depending on the kind of Plate the user is holding.;;
Bug Bite;Bug;Physical;20;60;100;The user bites the target. If the target is holding a Berry, the user eats it and gains its effect.;;
Charge Beam;Electric;Special;10;50;90;The user attacks with an electric charge. The user may use any remaining electricity to raise its Sp. Atk stat.;;
Wood Hammer;Grass;Physical;15;120;100;The user slams its rugged body into the target to attack. This also damages the user quite a lot.;;
Aqua Jet;Water;Physical;20;40;100;The user lunges at the target at a speed that makes it almost invisible. This move always goes first.;;
Attack Order;Bug;Physical;15;90;100;The user calls out its underlings to pummel the target. Critical hits land more easily.;;
Head Smash;Rock;Physical;5;150;80;The user attacks the target with a hazardous, full-power headbutt. This also damages the user terribly.;;
Double Hit;Normal;Physical;10;35;90;The user slams the target with a long tail, vines, or a tentacle. The target is hit twice in a row.;;
Roar of Time;Dragon;Special;5;150;90;The user blasts the target with power that distorts even time. The user can't move on the next turn.;;
Spacial Rend;Dragon;Special;5;100;95;The user tears the target along with the space around it. Critical hits land more easily.;;
Lunar Dance;Psychic;Status;10;—;—;The user faints. In return, the Pokémon taking its place will have its status and HP fully restored.;;
Crush Grip;Normal;Physical;5;—;100;The target is crushed with great force. The more HP the target has left, the greater this move's power.;;
Magma Storm;Fire;Special;5;100;75;The target becomes trapped within a maelstrom of fire that rages for four to five turns.;;
Dark Void;Dark;Status;10;—;50;Opposing Pokémon are dragged into a world of total darkness that makes them sleep.;;
Seed Flare;Grass;Special;5;120;85;The user emits a shock wave from its body to attack its target. This may harshly lower the target's Sp. Def.;;
Ominous Wind;Ghost;Special;5;60;100;The user blasts the target with a gust of repulsive wind. This may also raise all the user's stats at once.;;
Shadow Force;Ghost;Physical;5;120;100;The user disappears, then strikes the target on the next turn. This move hits even if the target protects itself.;;
Hone Claws;Dark;Status;15;—;—;The user sharpens its claws to boost its Attack stat and accuracy.;;
Wide Guard;Rock;Status;10;—;—;The user and its allies are protected from wide-ranging attacks for one turn.;;
Guard Split;Psychic;Status;10;—;—;The user employs its psychic powers to average its Defense and Sp. Def stats with those of the target.;;
Power Split;Psychic;Status;10;—;—;The user employs its psychic power to average its Attack and Sp. Atk stats with those of the target.;;
Wonder Room;Psychic;Status;10;—;—;The user creates a bizarre area in which Pokémon's Defense and Sp. Def stats are swapped for five turns.;;
Psyshock;Psychic;Special;10;80;100;The user materializes an odd psychic wave to attack the target. This attack does physical damage.;;
Venoshock;Poison;Special;10;65;100;The user drenches the target in a special poisonous liquid. This move's power is doubled if the target is poisoned.;;
Autotomize;Steel;Status;15;—;—;The user sheds part of its body to make itself lighter and sharply raise its Speed stat.;;
Rage Powder;Bug;Status;20;—;—;The user scatters a cloud of irritating powder to draw attention to itself. Opponents aim only at the user.;;
Telekinesis;Psychic;Status;15;—;—;The user makes the target float with its psychic power. The target is easier to hit for three turns.;;
Magic Room;Psychic;Status;10;—;—;The user creates a bizarre area in which Pokémon's held items lose their effects for five turns.;;
Smack Down;Rock;Physical;15;50;100;The user throws a stone or similar projectile to attack an opponent. A flying Pokémon will fall to the ground when it's hit.;;
Storm Throw;Fighting;Physical;10;60;100;The user strikes the target with a fierce blow. This attack always results in a critical hit.;;
Flame Burst;Fire;Special;15;70;100;The user attacks the target with a bursting flame. The bursting flame damages Pokémon next to the target as well.;;
Sludge Wave;Poison;Special;10;95;100;The user strikes everything around it by swamping the area with a giant sludge wave. This may also poison those hit.;;
Quiver Dance;Bug;Status;20;—;—;The user lightly performs a beautiful, mystic dance. This boosts the user's Sp. Atk, Sp. Def, and Speed stats.;;
Heavy Slam;Steel;Physical;10;—;100;The user slams into the target with its heavy body. The more the user outweighs the target, the greater the move's power.;;
Synchronoise;Psychic;Special;15;120;100;Using an odd shock wave, the user inflicts damage on any Pokémon of the same type in the area around it.;;
Electro Ball;Electric;Special;10;—;100;The user hurls an electric orb at the target. The faster the user is than the target, the greater the move's power.;;
Soak;Water;Status;20;—;100;The user shoots a torrent of water at the target and changes the target's type to Water.;;
Flame Charge;Fire;Physical;20;50;100;Cloaking itself in flame, the user attacks. Then, building up more power, the user raises its Speed stat.;;
Coil;Poison;Status;20;—;—;The user coils up and concentrates. This raises its Attack and Defense stats as well as its accuracy.;;
Low Sweep;Fighting;Physical;20;65;100;The user makes a swift attack on the target's legs, which lowers the target's Speed stat.;;
Acid Spray;Poison;Special;20;40;100;The user spits fluid that works to melt the target. This harshly lowers the target's Sp. Def stat.;;
Foul Play;Dark;Physical;15;95;100;The user turns the target's power against it. The higher the target's Attack stat, the greater the move's power.;;
Simple Beam;Normal;Status;15;—;100;The user's mysterious psychic wave changes the target's Ability to Simple.;;
Entrainment;Normal;Status;15;—;100;The user dances with an odd rhythm that compels the target to mimic it, making the target's Ability the same as the user's.;;
After You;Normal;Status;15;—;—;The user helps the target and makes it use its move right after the user.;;
Round;Normal;Special;15;60;100;The user attacks the target with a song. Others can join in the Round and make the attack do greater damage.;;
Echoed Voice;Normal;Special;15;40;100;The user attacks the target with an echoing voice. If this move is used every turn, it does greater damage.;;
Chip Away;Normal;Physical;20;70;100;Looking for an opening, the user strikes consistently. The target's stat changes don't affect this attack's damage.;;
Clear Smog;Poison;Special;15;50;—;The user attacks by throwing a clump of special mud. All stat changes are returned to normal.;;
Stored Power;Psychic;Special;10;20;100;The user attacks the target with stored power. The more the user's stats are raised, the greater the move's power.;;
Quick Guard;Fighting;Status;15;—;—;The user protects itself and its allies from priority moves.;;
Ally Switch;Psychic;Status;15;—;—;The user teleports using a strange power and switches places with one of its allies.;;
Scald;Water;Special;15;80;100;The user shoots boiling hot water at its target. This may also leave the target with a burn.;;
Shell Smash;Normal;Status;15;—;—;The user breaks its shell, which lowers Defense and Sp. Def stats but sharply raises its Attack, Sp. Atk, and Speed stats.;;
Heal Pulse;Psychic;Status;10;—;—;The user emits a healing pulse which restores the target's HP by up to half of its max HP.;;
Hex;Ghost;Special;10;65;100;This relentless attack does massive damage to a target affected by status conditions.;;
Sky Drop;Flying;Physical;10;60;100;The user takes the target into the sky, then drops it during the next turn. The target cannot attack while in the sky.;;
Shift Gear;Steel;Status;10;—;—;The user rotates its gears, raising its Attack and sharply raising its Speed.;;
Circle Throw;Fighting;Physical;10;60;90;The target is thrown, and a different Pokémon is dragged out. In the wild, this ends a battle against a single Pokémon.;;
Incinerate;Fire;Special;15;60;100;The user attacks opposing Pokémon with fire. If a Pokémon is holding a certain item, such as a Berry, the item becomes burned up and unusable.;;
Quash;Dark;Status;15;—;100;The user suppresses the target and makes its move go last.;;
Acrobatics;Flying;Physical;15;55;100;The user nimbly strikes the target. If the user is not holding an item, this attack inflicts massive damage.;;
Reflect Type;Normal;Status;15;—;—;The user reflects the target's type, making it the same type as the target.;;
Retaliate;Normal;Physical;5;70;100;The user gets revenge for a fainted ally. If an ally fainted in the previous turn, this move becomes more powerful.;;
Final Gambit;Fighting;Special;5;—;100;The user risks everything to attack its target. The user faints but does damage equal to its HP.;;
Bestow;Normal;Status;15;—;—;The user passes its held item to the target when the target isn't holding an item.;;
Inferno;Fire;Special;5;100;50;The user attacks by engulfing the target in an intense fire. This leaves the target with a burn.;;
Water Pledge;Water;Special;10;80;100;A column of water strikes the target. When combined with its fire equivalent, the damage increases and a rainbow appears.;;
Fire Pledge;Fire;Special;10;80;100;A column of fire hits opposing Pokémon. When used with its grass equivalent, its damage increases and a vast sea of fire appears.;;
Grass Pledge;Grass;Special;10;80;100;A column of grass hits the target. When used with its water equivalent, its damage increases and a vast swamp appears.;;
Volt Switch;Electric;Special;20;70;100;After making its attack, the user rushes back to switch places with a party Pokémon in waiting.;;
Struggle Bug;Bug;Special;20;50;100;While resisting, the user attacks the opposing Pokémon. This lowers the Sp. Atk stat of those hit.;;
Bulldoze;Ground;Physical;20;60;100;The user strikes everything around it by stomping down on the ground. This lowers the Speed stat of those hit.;;
Frost Breath;Ice;Special;10;60;90;The user blows its cold breath on the target. This attack always results in a critical hit.;;
Dragon Tail;Dragon;Physical;10;60;90;The target is knocked away, and a different Pokémon is dragged out. In the wild, this ends a battle against a single Pokémon.;;
Work Up;Normal;Status;30;—;—;The user is roused, and its Attack and Sp. Atk stats increase.;;
Electroweb;Electric;Special;15;55;95;The user attacks and captures opposing Pokémon by using an electric net. This lowers their Speed stat.;;
Wild Charge;Electric;Physical;15;90;100;The user shrouds itself in electricity and smashes into its target. This also damages the user a little.;;
Drill Run;Ground;Physical;10;80;95;The user crashes into its target while rotating its body like a drill. Critical hits land more easily.;;
Dual Chop;Dragon;Physical;15;40;90;The user attacks its target by hitting it with brutal strikes. The target is hit twice in a row.;;
Heart Stamp;Psychic;Physical;25;60;100;The user unleashes a vicious blow after its cute act makes the target less wary. This may also make the target flinch.;;
Horn Leech;Grass;Physical;10;75;100;The user drains the target's energy with its horns. The user's HP is restored by half the damage taken by the target.;;
Sacred Sword;Fighting;Physical;15;90;100;The user attacks by slicing with a long horn. The target's stat changes don't affect this attack's damage.;;
Razor Shell;Water;Physical;10;75;95;The user cuts its target with sharp shells. This may also lower the target's Defense stat.;;
Heat Crash;Fire;Physical;10;—;100;The user slams its target with its flame-covered body. The more the user outweighs the target, the greater the move's power.;;
Leaf Tornado;Grass;Special;10;65;90;The user attacks its target by encircling it in sharp leaves. This attack may also lower the target's accuracy.;;
Steamroller;Bug;Physical;20;65;100;The user crushes its targets by rolling over them with its rolled-up body. This attack may make the target flinch.;;
Cotton Guard;Grass;Status;10;—;—;The user protects itself by wrapping its body in soft cotton, which drastically raises the user's Defense stat.;;
Night Daze;Dark;Special;10;85;95;The user lets loose a pitch-black shock wave at its target. This may also lower the target's accuracy.;;
Psystrike;Psychic;Special;10;100;100;The user materializes an odd psychic wave to attack the target. This attack does physical damage.;;
Tail Slap;Normal;Physical;10;25;85;The user attacks by striking the target with its hard tail. It hits the target two to five times in a row.;;
Hurricane;Flying;Special;10;110;70;The user attacks by wrapping its opponent in a fierce wind that flies up into the sky. This may also confuse the target.;;
Head Charge;Normal;Physical;15;120;100;The user charges its head into its target, using its powerful guard hair. This also damages the user a little.;;
Gear Grind;Steel;Physical;15;50;85;The user attacks by throwing steel gears at its target twice.;;
Searing Shot;Fire;Special;5;100;100;The user torches everything around it with an inferno of scarlet flames. This may also leave those hit with a burn.;;
Techno Blast;Normal;Special;5;120;100;The user fires a beam of light at its target. The move's type changes depending on the Drive the user holds.;;
Relic Song;Normal;Special;10;75;100;The user sings an ancient song and attacks by appealing to the hearts of the listening opposing Pokémon. This may also induce sleep.;;
Secret Sword;Fighting;Special;10;85;100;The user cuts with its long horn. The odd power contained in the horn does physical damage to the target.;;
Glaciate;Ice;Special;10;65;95;The user attacks by blowing freezing cold air at opposing Pokémon. This lowers their Speed stat.;;
Bolt Strike;Electric;Physical;5;130;85;The user surrounds itself with a great amount of electricity and charges its target. This may also leave the target with paralysis.;;
Blue Flare;Fire;Special;5;130;85;The user attacks by engulfing the target in an intense, yet beautiful, blue flame. This may also leave the target with a burn.;;
Fusion Flare;Fire;Special;5;100;100;The user brings down a giant flame. This attack is more powerful when influenced by an enormous thunderbolt.;;
Fusion Bolt;Electric;Physical;5;100;100;The user throws down a giant thunderbolt. This move is more powerful when influenced by an enormous flame.;;