N.POKEDEX," NOME"," ALTEZZA"," PESO"," EXP INIZIALE"," TIPO PRIMARIO"," TIPO SECONDARIO"," BASE HP"," BASE ATTACK"," BASE DEFENSE"," BASE SP_ATTACK"," BASE SP_DEFENCE"," BASE SPEED"
1," Bulbasaur"," 0.7"," 6.9"," 64"," Grass"," Poison"," 45"," 49"," 49"," 65"," 65"," 45"
2," Ivysaur"," 1.0"," 13.0"," 142"," Grass"," Poison"," 60"," 62"," 63"," 80"," 80"," 60"
3," Venusaur"," 2.0"," 100.0"," 263"," Grass"," Poison"," 80"," 82"," 83"," 100"," 100"," 80"
4," Charmander"," 0.6"," 8.5"," 62"," Fire",None,39," 52"," 43"," 60"," 50"," 65"
5," Charmeleon"," 1.1"," 19.0"," 142"," Fire",None,58," 64"," 58"," 80"," 65"," 80"
6," Charizard"," 1.7"," 90.5"," 267"," Fire"," Flying"," 78"," 84"," 78"," 109"," 85"," 100"
7," Squirtle"," 0.5"," 9.0"," 63"," Water",None,44," 48"," 65"," 50"," 64"," 43"
8," Wartortle"," 1.0"," 22.5"," 142"," Water",None,59," 63"," 80"," 65"," 80"," 58"
9," Blastoise"," 1.6"," 85.5"," 265"," Water",None,79," 83"," 100"," 85"," 105"," 78"
10," Caterpie"," 0.3"," 2.9"," 39"," Bug",None,45," 30"," 35"," 20"," 20"," 45"
11," Metapod"," 0.7"," 9.9"," 72"," Bug",None,50," 20"," 55"," 25"," 25"," 30"
12," Butterfree"," 1.1"," 32.0"," 198"," Bug"," Flying"," 60"," 45"," 50"," 90"," 80"," 70"
13," Weedle"," 0.3"," 3.2"," 39"," Bug"," Poison"," 40"," 35"," 30"," 20"," 20"," 50"
14," Kakuna"," 0.6"," 10.0"," 72"," Bug"," Poison"," 45"," 25"," 50"," 25"," 25"," 35"
15," Beedrill"," 1.0"," 29.5"," 178"," Bug"," Poison"," 65"," 90"," 40"," 45"," 80"," 75"
16," Pidgey"," 0.3"," 1.8"," 50"," Normal"," Flying"," 40"," 45"," 40"," 35"," 35"," 56"
17," Pidgeotto"," 1.1"," 30.0"," 122"," Normal"," Flying"," 63"," 60"," 55"," 50"," 50"," 71"
18," Pidgeot"," 1.5"," 39.5"," 216"," Normal"," Flying"," 83"," 80"," 75"," 70"," 70"," 101"
19," Rattata"," 0.3"," 3.5"," 51"," Normal",None,30," 56"," 35"," 25"," 35"," 72"
20," Raticate"," 0.7"," 18.5"," 145"," Normal",None,55," 81"," 60"," 50"," 70"," 97"
21," Spearow"," 0.3"," 2.0"," 52"," Normal"," Flying"," 40"," 60"," 30"," 31"," 31"," 70"
22," Fearow"," 1.2"," 38.0"," 155"," Normal"," Flying"," 65"," 90"," 65"," 61"," 61"," 100"
23," Ekans"," 2.0"," 6.9"," 58"," Poison",None,35," 60"," 44"," 40"," 54"," 55"
24," Arbok"," 3.5"," 65.0"," 157"," Poison",None,60," 95"," 69"," 65"," 79"," 80"
25," Pikachu"," 0.4"," 6.0"," 112"," Electric",None,35," 55"," 40"," 50"," 50"," 90"
26," Raichu"," 0.8"," 30.0"," 243"," Electric",None,60," 90"," 55"," 90"," 80"," 110"
27," Sandshrew"," 0.6"," 12.0"," 60"," Ground",None,50," 75"," 85"," 20"," 30"," 40"
28," Sandslash"," 1.0"," 29.5"," 158"," Ground",None,75," 100"," 110"," 45"," 55"," 65"
29," Nidoran-f"," 0.4"," 7.0"," 55"," Poison",None,55," 47"," 52"," 40"," 40"," 41"
30," Nidorina"," 0.8"," 20.0"," 128"," Poison",None,70," 62"," 67"," 55"," 55"," 56"
31," Nidoqueen"," 1.3"," 60.0"," 253"," Poison"," Ground"," 90"," 92"," 87"," 75"," 85"," 76"
32," Nidoran-m"," 0.5"," 9.0"," 55"," Poison",None,46," 57"," 40"," 40"," 40"," 50"
33," Nidorino"," 0.9"," 19.5"," 128"," Poison",None,61," 72"," 57"," 55"," 55"," 65"
34," Nidoking"," 1.4"," 62.0"," 253"," Poison"," Ground"," 81"," 102"," 77"," 85"," 75"," 85"
35," Clefairy"," 0.6"," 7.5"," 113"," Fairy",None,70," 45"," 48"," 60"," 65"," 35"
36," Clefable"," 1.3"," 40.0"," 242"," Fairy",None,95," 70"," 73"," 95"," 90"," 60"
37," Vulpix"," 0.6"," 9.9"," 60"," Fire",None,38," 41"," 40"," 50"," 65"," 65"
38," Ninetales"," 1.1"," 19.9"," 177"," Fire",None,73," 76"," 75"," 81"," 100"," 100"
39," Jigglypuff"," 0.5"," 5.5"," 95"," Normal"," Fairy"," 115"," 45"," 20"," 45"," 25"," 20"
40," Wigglytuff"," 1.0"," 12.0"," 218"," Normal"," Fairy"," 140"," 70"," 45"," 85"," 50"," 45"
41," Zubat"," 0.8"," 7.5"," 49"," Poison"," Flying"," 40"," 45"," 35"," 30"," 40"," 55"
42," Golbat"," 1.6"," 55.0"," 159"," Poison"," Flying"," 75"," 80"," 70"," 65"," 75"," 90"
43," Oddish"," 0.5"," 5.4"," 64"," Grass"," Poison"," 45"," 50"," 55"," 75"," 65"," 30"
44," Gloom"," 0.8"," 8.6"," 138"," Grass"," Poison"," 60"," 65"," 70"," 85"," 75"," 40"
45," Vileplume"," 1.2"," 18.6"," 245"," Grass"," Poison"," 75"," 80"," 85"," 110"," 90"," 50"
46," Paras"," 0.3"," 5.4"," 57"," Bug"," Grass"," 35"," 70"," 55"," 45"," 55"," 25"
47," Parasect"," 1.0"," 29.5"," 142"," Bug"," Grass"," 60"," 95"," 80"," 60"," 80"," 30"
48," Venonat"," 1.0"," 30.0"," 61"," Bug"," Poison"," 60"," 55"," 50"," 40"," 55"," 45"
49," Venomoth"," 1.5"," 12.5"," 158"," Bug"," Poison"," 70"," 65"," 60"," 90"," 75"," 90"
50," Diglett"," 0.2"," 0.8"," 53"," Ground",None,10," 55"," 25"," 35"," 45"," 95"
51," Dugtrio"," 0.7"," 33.3"," 149"," Ground",None,35," 100"," 50"," 50"," 70"," 120"
52," Meowth"," 0.4"," 4.2"," 58"," Normal",None,40," 45"," 35"," 40"," 40"," 90"
53," Persian"," 1.0"," 32.0"," 154"," Normal",None,65," 70"," 60"," 65"," 65"," 115"
54," Psyduck"," 0.8"," 19.6"," 64"," Water",None,50," 52"," 48"," 65"," 50"," 55"
55," Golduck"," 1.7"," 76.6"," 175"," Water",None,80," 82"," 78"," 95"," 80"," 85"
56," Mankey"," 0.5"," 28.0"," 61"," Fighting",None,40," 80"," 35"," 35"," 45"," 70"
57," Primeape"," 1.0"," 32.0"," 159"," Fighting",None,65," 105"," 60"," 60"," 70"," 95"
58," Growlithe"," 0.7"," 19.0"," 70"," Fire",None,55," 70"," 45"," 70"," 50"," 60"
59," Arcanine"," 1.9"," 155.0"," 194"," Fire",None,90," 110"," 80"," 100"," 80"," 95"
60," Poliwag"," 0.6"," 12.4"," 60"," Water",None,40," 50"," 40"," 40"," 40"," 90"
61," Poliwhirl"," 1.0"," 20.0"," 135"," Water",None,65," 65"," 65"," 50"," 50"," 90"
62," Poliwrath"," 1.3"," 54.0"," 255"," Water"," Fighting"," 90"," 95"," 95"," 70"," 90"," 70"
63," Abra"," 0.9"," 19.5"," 62"," Psychic",None,25," 20"," 15"," 105"," 55"," 90"
64," Kadabra"," 1.3"," 56.5"," 140"," Psychic",None,40," 35"," 30"," 120"," 70"," 105"
65," Alakazam"," 1.5"," 48.0"," 250"," Psychic",None,55," 50"," 45"," 135"," 95"," 120"
66," Machop"," 0.8"," 19.5"," 61"," Fighting",None,70," 80"," 50"," 35"," 35"," 35"
67," Machoke"," 1.5"," 70.5"," 142"," Fighting",None,80," 100"," 70"," 50"," 60"," 45"
68," Machamp"," 1.6"," 130.0"," 253"," Fighting",None,90," 130"," 80"," 65"," 85"," 55"
69," Bellsprout"," 0.7"," 4.0"," 60"," Grass"," Poison"," 50"," 75"," 35"," 70"," 30"," 40"
70," Weepinbell"," 1.0"," 6.4"," 137"," Grass"," Poison"," 65"," 90"," 50"," 85"," 45"," 55"
71," Victreebel"," 1.7"," 15.5"," 221"," Grass"," Poison"," 80"," 105"," 65"," 100"," 70"," 70"
72," Tentacool"," 0.9"," 45.5"," 67"," Water"," Poison"," 40"," 40"," 35"," 50"," 100"," 70"
73," Tentacruel"," 1.6"," 55.0"," 180"," Water"," Poison"," 80"," 70"," 65"," 80"," 120"," 100"
74," Geodude"," 0.4"," 20.0"," 60"," Rock"," Ground"," 40"," 80"," 100"," 30"," 30"," 20"
75," Graveler"," 1.0"," 105.0"," 137"," Rock"," Ground"," 55"," 95"," 115"," 45"," 45"," 35"
76," Golem"," 1.4"," 300.0"," 223"," Rock"," Ground"," 80"," 120"," 130"," 55"," 65"," 45"
77," Ponyta"," 1.0"," 30.0"," 82"," Fire",None,50," 85"," 55"," 65"," 65"," 90"
78," Rapidash"," 1.7"," 95.0"," 175"," Fire",None,65," 100"," 70"," 80"," 80"," 105"
79," Slowpoke"," 1.2"," 36.0"," 63"," Water"," Psychic"," 90"," 65"," 65"," 40"," 40"," 15"
80," Slowbro"," 1.6"," 78.5"," 172"," Water"," Psychic"," 95"," 75"," 110"," 100"," 80"," 30"
81," Magnemite"," 0.3"," 6.0"," 65"," Electric"," Steel"," 25"," 35"," 70"," 95"," 55"," 45"
82," Magneton"," 1.0"," 60.0"," 163"," Electric"," Steel"," 50"," 60"," 95"," 120"," 70"," 70"
83," Farfetchd"," 0.8"," 15.0"," 132"," Normal"," Flying"," 52"," 90"," 55"," 58"," 62"," 60"
84," Doduo"," 1.4"," 39.2"," 62"," Normal"," Flying"," 35"," 85"," 45"," 35"," 35"," 75"
85," Dodrio"," 1.8"," 85.2"," 165"," Normal"," Flying"," 60"," 110"," 70"," 60"," 60"," 110"
86," Seel"," 1.1"," 90.0"," 65"," Water",None,65," 45"," 55"," 45"," 70"," 45"
87," Dewgong"," 1.7"," 120.0"," 166"," Water"," Ice"," 90"," 70"," 80"," 70"," 95"," 70"
88," Grimer"," 0.9"," 30.0"," 65"," Poison",None,80," 80"," 50"," 40"," 50"," 25"
89," Muk"," 1.2"," 30.0"," 175"," Poison",None,105," 105"," 75"," 65"," 100"," 50"
90," Shellder"," 0.3"," 4.0"," 61"," Water",None,30," 65"," 100"," 45"," 25"," 40"
91," Cloyster"," 1.5"," 132.5"," 184"," Water"," Ice"," 50"," 95"," 180"," 85"," 45"," 70"
92," Gastly"," 1.3"," 0.1"," 62"," Ghost"," Poison"," 30"," 35"," 30"," 100"," 35"," 80"
93," Haunter"," 1.6"," 0.1"," 142"," Ghost"," Poison"," 45"," 50"," 45"," 115"," 55"," 95"
94," Gengar"," 1.5"," 40.5"," 250"," Ghost"," Poison"," 60"," 65"," 60"," 130"," 75"," 110"
95," Onix"," 8.8"," 210.0"," 77"," Rock"," Ground"," 35"," 45"," 160"," 30"," 45"," 70"
96," Drowzee"," 1.0"," 32.4"," 66"," Psychic",None,60," 48"," 45"," 43"," 90"," 42"
97," Hypno"," 1.6"," 75.6"," 169"," Psychic",None,85," 73"," 70"," 73"," 115"," 67"
98," Krabby"," 0.4"," 6.5"," 65"," Water",None,30," 105"," 90"," 25"," 25"," 50"
99," Kingler"," 1.3"," 60.0"," 166"," Water",None,55," 130"," 115"," 50"," 50"," 75"
100," Voltorb"," 0.5"," 10.4"," 66"," Electric",None,40," 30"," 50"," 55"," 55"," 100"
101," Electrode"," 1.2"," 66.6"," 172"," Electric",None,60," 50"," 70"," 80"," 80"," 150"
102," Exeggcute"," 0.4"," 2.5"," 65"," Grass"," Psychic"," 60"," 40"," 80"," 60"," 45"," 40"
103," Exeggutor"," 2.0"," 120.0"," 186"," Grass"," Psychic"," 95"," 95"," 85"," 125"," 75"," 55"
104," Cubone"," 0.4"," 6.5"," 64"," Ground",None,50," 50"," 95"," 40"," 50"," 35"
105," Marowak"," 1.0"," 45.0"," 149"," Ground",None,60," 80"," 110"," 50"," 80"," 45"
106," Hitmonlee"," 1.5"," 49.8"," 159"," Fighting",None,50," 120"," 53"," 35"," 110"," 87"
107," Hitmonchan"," 1.4"," 50.2"," 159"," Fighting",None,50," 105"," 79"," 35"," 110"," 76"
108," Lickitung"," 1.2"," 65.5"," 77"," Normal",None,90," 55"," 75"," 60"," 75"," 30"
109," Koffing"," 0.6"," 1.0"," 68"," Poison",None,40," 65"," 95"," 60"," 45"," 35"
110," Weezing"," 1.2"," 9.5"," 172"," Poison",None,65," 90"," 120"," 85"," 70"," 60"
111," Rhyhorn"," 1.0"," 115.0"," 69"," Ground"," Rock"," 80"," 85"," 95"," 30"," 30"," 25"
112," Rhydon"," 1.9"," 120.0"," 170"," Ground"," Rock"," 105"," 130"," 120"," 45"," 45"," 40"
113," Chansey"," 1.1"," 34.6"," 395"," Normal",None,250," 5"," 5"," 35"," 105"," 50"
114," Tangela"," 1.0"," 35.0"," 87"," Grass",None,65," 55"," 115"," 100"," 40"," 60"
115," Kangaskhan"," 2.2"," 80.0"," 172"," Normal",None,105," 95"," 80"," 40"," 80"," 90"
116," Horsea"," 0.4"," 8.0"," 59"," Water",None,30," 40"," 70"," 70"," 25"," 60"
117," Seadra"," 1.2"," 25.0"," 154"," Water",None,55," 65"," 95"," 95"," 45"," 85"
118," Goldeen"," 0.6"," 15.0"," 64"," Water",None,45," 67"," 60"," 35"," 50"," 63"
119," Seaking"," 1.3"," 39.0"," 158"," Water",None,80," 92"," 65"," 65"," 80"," 68"
120," Staryu"," 0.8"," 34.5"," 68"," Water",None,30," 45"," 55"," 70"," 55"," 85"
121," Starmie"," 1.1"," 80.0"," 182"," Water"," Psychic"," 60"," 75"," 85"," 100"," 85"," 115"
122," Mr-mime"," 1.3"," 54.5"," 161"," Psychic"," Fairy"," 40"," 45"," 65"," 100"," 120"," 90"
123," Scyther"," 1.5"," 56.0"," 100"," Bug"," Flying"," 70"," 110"," 80"," 55"," 80"," 105"
124," Jynx"," 1.4"," 40.6"," 159"," Ice"," Psychic"," 65"," 50"," 35"," 115"," 95"," 95"
125," Electabuzz"," 1.1"," 30.0"," 172"," Electric",None,65," 83"," 57"," 95"," 85"," 105"
126," Magmar"," 1.3"," 44.5"," 173"," Fire",None,65," 95"," 57"," 100"," 85"," 93"
127," Pinsir"," 1.5"," 55.0"," 175"," Bug",None,65," 125"," 100"," 55"," 70"," 85"
128," Tauros"," 1.4"," 88.4"," 172"," Normal",None,75," 100"," 95"," 40"," 70"," 110"
129," Magikarp"," 0.9"," 10.0"," 40"," Water",None,20," 10"," 55"," 15"," 20"," 80"
130," Gyarados"," 6.5"," 235.0"," 189"," Water"," Flying"," 95"," 125"," 79"," 60"," 100"," 81"
131," Lapras"," 2.5"," 220.0"," 187"," Water"," Ice"," 130"," 85"," 80"," 85"," 95"," 60"
132," Ditto"," 0.3"," 4.0"," 101"," Normal",None,48," 48"," 48"," 48"," 48"," 48"
133," Eevee"," 0.3"," 6.5"," 65"," Normal",None,55," 55"," 50"," 45"," 65"," 55"
134," Vaporeon"," 1.0"," 29.0"," 184"," Water",None,130," 65"," 60"," 110"," 95"," 65"
135," Jolteon"," 0.8"," 24.5"," 184"," Electric",None,65," 65"," 60"," 110"," 95"," 130"
136," Flareon"," 0.9"," 25.0"," 184"," Fire",None,65," 130"," 60"," 95"," 110"," 65"
137," Porygon"," 0.8"," 36.5"," 79"," Normal",None,65," 60"," 70"," 85"," 75"," 40"
138," Omanyte"," 0.4"," 7.5"," 71"," Rock"," Water"," 35"," 40"," 100"," 90"," 55"," 35"
139," Omastar"," 1.0"," 35.0"," 173"," Rock"," Water"," 70"," 60"," 125"," 115"," 70"," 55"
140," Kabuto"," 0.5"," 11.5"," 71"," Rock"," Water"," 30"," 80"," 90"," 55"," 45"," 55"
141," Kabutops"," 1.3"," 40.5"," 173"," Rock"," Water"," 60"," 115"," 105"," 65"," 70"," 80"
142," Aerodactyl"," 1.8"," 59.0"," 180"," Rock"," Flying"," 80"," 105"," 65"," 60"," 75"," 130"
143," Snorlax"," 2.1"," 460.0"," 189"," Normal",None,160," 110"," 65"," 65"," 110"," 30"
144," Articuno"," 1.7"," 55.4"," 290"," Ice"," Flying"," 90"," 85"," 100"," 95"," 125"," 85"
145," Zapdos"," 1.6"," 52.6"," 290"," Electric"," Flying"," 90"," 90"," 85"," 125"," 90"," 100"
146," Moltres"," 2.0"," 60.0"," 290"," Fire"," Flying"," 90"," 100"," 90"," 125"," 85"," 90"
147," Dratini"," 1.8"," 3.3"," 60"," Dragon",None,41," 64"," 45"," 50"," 50"," 50"
148," Dragonair"," 4.0"," 16.5"," 147"," Dragon",None,61," 84"," 65"," 70"," 70"," 70"
149," Dragonite"," 2.2"," 210.0"," 300"," Dragon"," Flying"," 91"," 134"," 95"," 100"," 100"," 80"
150," Mewtwo"," 2.0"," 122.0"," 340"," Psychic",None,106," 110"," 90"," 154"," 90"," 130"
151," Mew"," 0.4"," 4.0"," 300"," Psychic",None,100," 100"," 100"," 100"," 100"," 100"
152," Chikorita"," 0.9"," 6.4"," 64"," Grass",None,45," 49"," 65"," 49"," 65"," 45"
153," Bayleef"," 1.2"," 15.8"," 142"," Grass",None,60," 62"," 80"," 63"," 80"," 60"
154," Meganium"," 1.8"," 100.5"," 236"," Grass",None,80," 82"," 100"," 83"," 100"," 80"
155," Cyndaquil"," 0.5"," 7.9"," 62"," Fire",None,39," 52"," 43"," 60"," 50"," 65"
156," Quilava"," 0.9"," 19.0"," 142"," Fire",None,58," 64"," 58"," 80"," 65"," 80"
157," Typhlosion"," 1.7"," 79.5"," 240"," Fire",None,78," 84"," 78"," 109"," 85"," 100"
158," Totodile"," 0.6"," 9.5"," 63"," Water",None,50," 65"," 64"," 44"," 48"," 43"
159," Croconaw"," 1.1"," 25.0"," 142"," Water",None,65," 80"," 80"," 59"," 63"," 58"
160," Feraligatr"," 2.3"," 88.8"," 239"," Water",None,85," 105"," 100"," 79"," 83"," 78"
161," Sentret"," 0.8"," 6.0"," 43"," Normal",None,35," 46"," 34"," 35"," 45"," 20"
162," Furret"," 1.8"," 32.5"," 145"," Normal",None,85," 76"," 64"," 45"," 55"," 90"
163," Hoothoot"," 0.7"," 21.2"," 52"," Normal"," Flying"," 60"," 30"," 30"," 36"," 56"," 50"
164," Noctowl"," 1.6"," 40.8"," 158"," Normal"," Flying"," 100"," 50"," 50"," 86"," 96"," 70"
165," Ledyba"," 1.0"," 10.8"," 53"," Bug"," Flying"," 40"," 20"," 30"," 40"," 80"," 55"
166," Ledian"," 1.4"," 35.6"," 137"," Bug"," Flying"," 55"," 35"," 50"," 55"," 110"," 85"
167," Spinarak"," 0.5"," 8.5"," 50"," Bug"," Poison"," 40"," 60"," 40"," 40"," 40"," 30"
168," Ariados"," 1.1"," 33.5"," 140"," Bug"," Poison"," 70"," 90"," 70"," 60"," 70"," 40"
169," Crobat"," 1.8"," 75.0"," 268"," Poison"," Flying"," 85"," 90"," 80"," 70"," 80"," 130"
170," Chinchou"," 0.5"," 12.0"," 66"," Water"," Electric"," 75"," 38"," 38"," 56"," 56"," 67"
171," Lanturn"," 1.2"," 22.5"," 161"," Water"," Electric"," 125"," 58"," 58"," 76"," 76"," 67"
172," Pichu"," 0.3"," 2.0"," 41"," Electric",None,20," 40"," 15"," 35"," 35"," 60"
173," Cleffa"," 0.3"," 3.0"," 44"," Fairy",None,50," 25"," 28"," 45"," 55"," 15"
174," Igglybuff"," 0.3"," 1.0"," 42"," Normal"," Fairy"," 90"," 30"," 15"," 40"," 20"," 15"
175," Togepi"," 0.3"," 1.5"," 49"," Fairy",None,35," 20"," 65"," 40"," 65"," 20"
176," Togetic"," 0.6"," 3.2"," 142"," Fairy"," Flying"," 55"," 40"," 85"," 80"," 105"," 40"
177," Natu"," 0.2"," 2.0"," 64"," Psychic"," Flying"," 40"," 50"," 45"," 70"," 45"," 70"
178," Xatu"," 1.5"," 15.0"," 165"," Psychic"," Flying"," 65"," 75"," 70"," 95"," 70"," 95"
179," Mareep"," 0.6"," 7.8"," 56"," Electric",None,55," 40"," 40"," 65"," 45"," 35"
180," Flaaffy"," 0.8"," 13.3"," 128"," Electric",None,70," 55"," 55"," 80"," 60"," 45"
181," Ampharos"," 1.4"," 61.5"," 230"," Electric",None,90," 75"," 85"," 115"," 90"," 55"
182," Bellossom"," 0.4"," 5.8"," 245"," Grass",None,75," 80"," 95"," 90"," 100"," 50"
183," Marill"," 0.4"," 8.5"," 88"," Water"," Fairy"," 70"," 20"," 50"," 20"," 50"," 40"
184," Azumarill"," 0.8"," 28.5"," 210"," Water"," Fairy"," 100"," 50"," 80"," 60"," 80"," 50"
185," Sudowoodo"," 1.2"," 38.0"," 144"," Rock",None,70," 100"," 115"," 30"," 65"," 30"
186," Politoed"," 1.1"," 33.9"," 250"," Water",None,90," 75"," 75"," 90"," 100"," 70"
187," Hoppip"," 0.4"," 0.5"," 50"," Grass"," Flying"," 35"," 35"," 40"," 35"," 55"," 50"
188," Skiploom"," 0.6"," 1.0"," 119"," Grass"," Flying"," 55"," 45"," 50"," 45"," 65"," 80"
189," Jumpluff"," 0.8"," 3.0"," 207"," Grass"," Flying"," 75"," 55"," 70"," 55"," 95"," 110"
190," Aipom"," 0.8"," 11.5"," 72"," Normal",None,55," 70"," 55"," 40"," 55"," 85"
191," Sunkern"," 0.3"," 1.8"," 36"," Grass",None,30," 30"," 30"," 30"," 30"," 30"
192," Sunflora"," 0.8"," 8.5"," 149"," Grass",None,75," 75"," 55"," 105"," 85"," 30"
193," Yanma"," 1.2"," 38.0"," 78"," Bug"," Flying"," 65"," 65"," 45"," 75"," 45"," 95"
194," Wooper"," 0.4"," 8.5"," 42"," Water"," Ground"," 55"," 45"," 45"," 25"," 25"," 15"
195," Quagsire"," 1.4"," 75.0"," 151"," Water"," Ground"," 95"," 85"," 85"," 65"," 65"," 35"
196," Espeon"," 0.9"," 26.5"," 184"," Psychic",None,65," 65"," 60"," 130"," 95"," 110"
197," Umbreon"," 1.0"," 27.0"," 184"," Dark",None,95," 65"," 110"," 60"," 130"," 65"
198," Murkrow"," 0.5"," 2.1"," 81"," Dark"," Flying"," 60"," 85"," 42"," 85"," 42"," 91"
199," Slowking"," 2.0"," 79.5"," 172"," Water"," Psychic"," 95"," 75"," 80"," 100"," 110"," 30"
200," Misdreavus"," 0.7"," 1.0"," 87"," Ghost",None,60," 60"," 60"," 85"," 85"," 85"
201," Unown"," 0.5"," 5.0"," 118"," Psychic",None,48," 72"," 48"," 72"," 48"," 48"
202," Wobbuffet"," 1.3"," 28.5"," 142"," Psychic",None,190," 33"," 58"," 33"," 58"," 33"
203," Girafarig"," 1.5"," 41.5"," 159"," Normal"," Psychic"," 70"," 80"," 65"," 90"," 65"," 85"
204," Pineco"," 0.6"," 7.2"," 58"," Bug",None,50," 65"," 90"," 35"," 35"," 15"
205," Forretress"," 1.2"," 125.8"," 163"," Bug"," Steel"," 75"," 90"," 140"," 60"," 60"," 40"
206," Dunsparce"," 1.5"," 14.0"," 145"," Normal",None,100," 70"," 70"," 65"," 65"," 45"
207," Gligar"," 1.1"," 64.8"," 86"," Ground"," Flying"," 65"," 75"," 105"," 35"," 65"," 85"
208," Steelix"," 9.2"," 400.0"," 179"," Steel"," Ground"," 75"," 85"," 200"," 55"," 65"," 30"
209," Snubbull"," 0.6"," 7.8"," 60"," Fairy",None,60," 80"," 50"," 40"," 40"," 30"
210," Granbull"," 1.4"," 48.7"," 158"," Fairy",None,90," 120"," 75"," 60"," 60"," 45"
211," Qwilfish"," 0.5"," 3.9"," 88"," Water"," Poison"," 65"," 95"," 85"," 55"," 55"," 85"
212," Scizor"," 1.8"," 118.0"," 175"," Bug"," Steel"," 70"," 130"," 100"," 55"," 80"," 65"
213," Shuckle"," 0.6"," 20.5"," 177"," Bug"," Rock"," 20"," 10"," 230"," 10"," 230"," 5"
214," Heracross"," 1.5"," 54.0"," 175"," Bug"," Fighting"," 80"," 125"," 75"," 40"," 95"," 85"
215," Sneasel"," 0.9"," 28.0"," 86"," Dark"," Ice"," 55"," 95"," 55"," 35"," 75"," 115"
216," Teddiursa"," 0.6"," 8.8"," 66"," Normal",None,60," 80"," 50"," 50"," 50"," 40"
217," Ursaring"," 1.8"," 125.8"," 175"," Normal",None,90," 130"," 75"," 75"," 75"," 55"
218," Slugma"," 0.7"," 35.0"," 50"," Fire",None,40," 40"," 40"," 70"," 40"," 20"
219," Magcargo"," 0.8"," 55.0"," 151"," Fire"," Rock"," 60"," 50"," 120"," 90"," 80"," 30"
220," Swinub"," 0.4"," 6.5"," 50"," Ice"," Ground"," 50"," 50"," 40"," 30"," 30"," 50"
221," Piloswine"," 1.1"," 55.8"," 158"," Ice"," Ground"," 100"," 100"," 80"," 60"," 60"," 50"
222," Corsola"," 0.6"," 5.0"," 144"," Water"," Rock"," 65"," 55"," 95"," 65"," 95"," 35"
223," Remoraid"," 0.6"," 12.0"," 60"," Water",None,35," 65"," 35"," 65"," 35"," 65"
224," Octillery"," 0.9"," 28.5"," 168"," Water",None,75," 105"," 75"," 105"," 75"," 45"
225," Delibird"," 0.9"," 16.0"," 116"," Ice"," Flying"," 45"," 55"," 45"," 65"," 45"," 75"
226," Mantine"," 2.1"," 220.0"," 170"," Water"," Flying"," 85"," 40"," 70"," 80"," 140"," 70"
227," Skarmory"," 1.7"," 50.5"," 163"," Steel"," Flying"," 65"," 80"," 140"," 40"," 70"," 70"
228," Houndour"," 0.6"," 10.8"," 66"," Dark"," Fire"," 45"," 60"," 30"," 80"," 50"," 65"
229," Houndoom"," 1.4"," 35.0"," 175"," Dark"," Fire"," 75"," 90"," 50"," 110"," 80"," 95"
230," Kingdra"," 1.8"," 152.0"," 270"," Water"," Dragon"," 75"," 95"," 95"," 95"," 95"," 85"
231," Phanpy"," 0.5"," 33.5"," 66"," Ground",None,90," 60"," 60"," 40"," 40"," 40"
232," Donphan"," 1.1"," 120.0"," 175"," Ground",None,90," 120"," 120"," 60"," 60"," 50"
233," Porygon2"," 0.6"," 32.5"," 180"," Normal",None,85," 80"," 90"," 105"," 95"," 60"
234," Stantler"," 1.4"," 71.2"," 163"," Normal",None,73," 95"," 62"," 85"," 65"," 85"
235," Smeargle"," 1.2"," 58.0"," 88"," Normal",None,55," 20"," 35"," 20"," 45"," 75"
236," Tyrogue"," 0.7"," 21.0"," 42"," Fighting",None,35," 35"," 35"," 35"," 35"," 35"
237," Hitmontop"," 1.4"," 48.0"," 159"," Fighting",None,50," 95"," 95"," 35"," 110"," 70"
238," Smoochum"," 0.4"," 6.0"," 61"," Ice"," Psychic"," 45"," 30"," 15"," 85"," 65"," 65"
239," Elekid"," 0.6"," 23.5"," 72"," Electric",None,45," 63"," 37"," 65"," 55"," 95"
240," Magby"," 0.7"," 21.4"," 73"," Fire",None,45," 75"," 37"," 70"," 55"," 83"
241," Miltank"," 1.2"," 75.5"," 172"," Normal",None,95," 80"," 105"," 40"," 70"," 100"
242," Blissey"," 1.5"," 46.8"," 635"," Normal",None,255," 10"," 10"," 75"," 135"," 55"
243," Raikou"," 1.9"," 178.0"," 290"," Electric",None,90," 85"," 75"," 115"," 100"," 115"
244," Entei"," 2.1"," 198.0"," 290"," Fire",None,115," 115"," 85"," 90"," 75"," 100"
245," Suicune"," 2.0"," 187.0"," 290"," Water",None,100," 75"," 115"," 90"," 115"," 85"
246," Larvitar"," 0.6"," 72.0"," 60"," Rock"," Ground"," 50"," 64"," 50"," 45"," 50"," 41"
247," Pupitar"," 1.2"," 152.0"," 144"," Rock"," Ground"," 70"," 84"," 70"," 65"," 70"," 51"
248," Tyranitar"," 2.0"," 202.0"," 300"," Rock"," Dark"," 100"," 134"," 110"," 95"," 100"," 61"
249," Lugia"," 5.2"," 216.0"," 340"," Psychic"," Flying"," 106"," 90"," 130"," 90"," 154"," 110"
250," Ho-oh"," 3.8"," 199.0"," 340"," Fire"," Flying"," 106"," 130"," 90"," 110"," 154"," 90"
251," Celebi"," 0.6"," 5.0"," 300"," Psychic"," Grass"," 100"," 100"," 100"," 100"," 100"," 100"
252," Treecko"," 0.5"," 5.0"," 62"," Grass",None,40," 45"," 35"," 65"," 55"," 70"
253," Grovyle"," 0.9"," 21.6"," 142"," Grass",None,50," 65"," 45"," 85"," 65"," 95"
254," Sceptile"," 1.7"," 52.2"," 265"," Grass",None,70," 85"," 65"," 105"," 85"," 120"
255," Torchic"," 0.4"," 2.5"," 62"," Fire",None,45," 60"," 40"," 70"," 50"," 45"
256," Combusken"," 0.9"," 19.5"," 142"," Fire"," Fighting"," 60"," 85"," 60"," 85"," 60"," 55"
257," Blaziken"," 1.9"," 52.0"," 265"," Fire"," Fighting"," 80"," 120"," 70"," 110"," 70"," 80"
258," Mudkip"," 0.4"," 7.6"," 62"," Water",None,50," 70"," 50"," 50"," 50"," 40"
259," Marshtomp"," 0.7"," 28.0"," 142"," Water"," Ground"," 70"," 85"," 70"," 60"," 70"," 50"
260," Swampert"," 1.5"," 81.9"," 268"," Water"," Ground"," 100"," 110"," 90"," 85"," 90"," 60"
261," Poochyena"," 0.5"," 13.6"," 56"," Dark",None,35," 55"," 35"," 30"," 30"," 35"
262," Mightyena"," 1.0"," 37.0"," 147"," Dark",None,70," 90"," 70"," 60"," 60"," 70"
263," Zigzagoon"," 0.4"," 17.5"," 56"," Normal",None,38," 30"," 41"," 30"," 41"," 60"
264," Linoone"," 0.5"," 32.5"," 147"," Normal",None,78," 70"," 61"," 50"," 61"," 100"
265," Wurmple"," 0.3"," 3.6"," 56"," Bug",None,45," 45"," 35"," 20"," 30"," 20"
266," Silcoon"," 0.6"," 10.0"," 72"," Bug",None,50," 35"," 55"," 25"," 25"," 15"
267," Beautifly"," 1.0"," 28.4"," 178"," Bug"," Flying"," 60"," 70"," 50"," 100"," 50"," 65"
268," Cascoon"," 0.7"," 11.5"," 72"," Bug",None,50," 35"," 55"," 25"," 25"," 15"
269," Dustox"," 1.2"," 31.6"," 173"," Bug"," Poison"," 60"," 50"," 70"," 50"," 90"," 65"
270," Lotad"," 0.5"," 2.6"," 44"," Water"," Grass"," 40"," 30"," 30"," 40"," 50"," 30"
271," Lombre"," 1.2"," 32.5"," 119"," Water"," Grass"," 60"," 50"," 50"," 60"," 70"," 50"
272," Ludicolo"," 1.5"," 55.0"," 240"," Water"," Grass"," 80"," 70"," 70"," 90"," 100"," 70"
273," Seedot"," 0.5"," 4.0"," 44"," Grass",None,40," 40"," 50"," 30"," 30"," 30"
274," Nuzleaf"," 1.0"," 28.0"," 119"," Grass"," Dark"," 70"," 70"," 40"," 60"," 40"," 60"
275," Shiftry"," 1.3"," 59.6"," 240"," Grass"," Dark"," 90"," 100"," 60"," 90"," 60"," 80"
276," Taillow"," 0.3"," 2.3"," 54"," Normal"," Flying"," 40"," 55"," 30"," 30"," 30"," 85"
277," Swellow"," 0.7"," 19.8"," 159"," Normal"," Flying"," 60"," 85"," 60"," 75"," 50"," 125"
278," Wingull"," 0.6"," 9.5"," 54"," Water"," Flying"," 40"," 30"," 30"," 55"," 30"," 85"
279," Pelipper"," 1.2"," 28.0"," 154"," Water"," Flying"," 60"," 50"," 100"," 95"," 70"," 65"
280," Ralts"," 0.4"," 6.6"," 40"," Psychic"," Fairy"," 28"," 25"," 25"," 45"," 35"," 40"
281," Kirlia"," 0.8"," 20.2"," 97"," Psychic"," Fairy"," 38"," 35"," 35"," 65"," 55"," 50"
282," Gardevoir"," 1.6"," 48.4"," 259"," Psychic"," Fairy"," 68"," 65"," 65"," 125"," 115"," 80"
283," Surskit"," 0.5"," 1.7"," 54"," Bug"," Water"," 40"," 30"," 32"," 50"," 52"," 65"
284," Masquerain"," 0.8"," 3.6"," 159"," Bug"," Flying"," 70"," 60"," 62"," 100"," 82"," 80"
285," Shroomish"," 0.4"," 4.5"," 59"," Grass",None,60," 40"," 60"," 40"," 60"," 35"
286," Breloom"," 1.2"," 39.2"," 161"," Grass"," Fighting"," 60"," 130"," 80"," 60"," 60"," 70"
287," Slakoth"," 0.8"," 24.0"," 56"," Normal",None,60," 60"," 60"," 35"," 35"," 30"
288," Vigoroth"," 1.4"," 46.5"," 154"," Normal",None,80," 80"," 80"," 55"," 55"," 90"
289," Slaking"," 2.0"," 130.5"," 252"," Normal",None,150," 160"," 100"," 95"," 65"," 100"
290," Nincada"," 0.5"," 5.5"," 53"," Bug"," Ground"," 31"," 45"," 90"," 30"," 30"," 40"
291," Ninjask"," 0.8"," 12.0"," 160"," Bug"," Flying"," 61"," 90"," 45"," 50"," 50"," 160"
292," Shedinja"," 0.8"," 1.2"," 83"," Bug"," Ghost"," 1"," 90"," 45"," 30"," 30"," 40"
293," Whismur"," 0.6"," 16.3"," 48"," Normal",None,64," 51"," 23"," 51"," 23"," 28"
294," Loudred"," 1.0"," 40.5"," 126"," Normal",None,84," 71"," 43"," 71"," 43"," 48"
295," Exploud"," 1.5"," 84.0"," 245"," Normal",None,104," 91"," 63"," 91"," 73"," 68"
296," Makuhita"," 1.0"," 86.4"," 47"," Fighting",None,72," 60"," 30"," 20"," 30"," 25"
297," Hariyama"," 2.3"," 253.8"," 166"," Fighting",None,144," 120"," 60"," 40"," 60"," 50"
298," Azurill"," 0.2"," 2.0"," 38"," Normal"," Fairy"," 50"," 20"," 40"," 20"," 40"," 20"
299," Nosepass"," 1.0"," 97.0"," 75"," Rock",None,30," 45"," 135"," 45"," 90"," 30"
300," Skitty"," 0.6"," 11.0"," 52"," Normal",None,50," 45"," 45"," 35"," 35"," 50"
301," Delcatty"," 1.1"," 32.6"," 140"," Normal",None,70," 65"," 65"," 55"," 55"," 90"
302," Sableye"," 0.5"," 11.0"," 133"," Dark"," Ghost"," 50"," 75"," 75"," 65"," 65"," 50"
303," Mawile"," 0.6"," 11.5"," 133"," Steel"," Fairy"," 50"," 85"," 85"," 55"," 55"," 50"
304," Aron"," 0.4"," 60.0"," 66"," Steel"," Rock"," 50"," 70"," 100"," 40"," 40"," 30"
305," Lairon"," 0.9"," 120.0"," 151"," Steel"," Rock"," 60"," 90"," 140"," 50"," 50"," 40"
306," Aggron"," 2.1"," 360.0"," 265"," Steel"," Rock"," 70"," 110"," 180"," 60"," 60"," 50"
307," Meditite"," 0.6"," 11.2"," 56"," Fighting"," Psychic"," 30"," 40"," 55"," 40"," 55"," 60"
308," Medicham"," 1.3"," 31.5"," 144"," Fighting"," Psychic"," 60"," 60"," 75"," 60"," 75"," 80"
309," Electrike"," 0.6"," 15.2"," 59"," Electric",None,40," 45"," 40"," 65"," 40"," 65"
310," Manectric"," 1.5"," 40.2"," 166"," Electric",None,70," 75"," 60"," 105"," 60"," 105"
311," Plusle"," 0.4"," 4.2"," 142"," Electric",None,60," 50"," 40"," 85"," 75"," 95"
312," Minun"," 0.4"," 4.2"," 142"," Electric",None,60," 40"," 50"," 75"," 85"," 95"
313," Volbeat"," 0.7"," 17.7"," 151"," Bug",None,65," 73"," 75"," 47"," 85"," 85"
314," Illumise"," 0.6"," 17.7"," 151"," Bug",None,65," 47"," 75"," 73"," 85"," 85"
315," Roselia"," 0.3"," 2.0"," 140"," Grass"," Poison"," 50"," 60"," 45"," 100"," 80"," 65"
316," Gulpin"," 0.4"," 10.3"," 60"," Poison",None,70," 43"," 53"," 43"," 53"," 40"
317," Swalot"," 1.7"," 80.0"," 163"," Poison",None,100," 73"," 83"," 73"," 83"," 55"
318," Carvanha"," 0.8"," 20.8"," 61"," Water"," Dark"," 45"," 90"," 20"," 65"," 20"," 65"
319," Sharpedo"," 1.8"," 88.8"," 161"," Water"," Dark"," 70"," 120"," 40"," 95"," 40"," 95"
320," Wailmer"," 2.0"," 130.0"," 80"," Water",None,130," 70"," 35"," 70"," 35"," 60"
321," Wailord"," 14.5"," 398.0"," 175"," Water",None,170," 90"," 45"," 90"," 45"," 60"
322," Numel"," 0.7"," 24.0"," 61"," Fire"," Ground"," 60"," 60"," 40"," 65"," 45"," 35"
323," Camerupt"," 1.9"," 220.0"," 161"," Fire"," Ground"," 70"," 100"," 70"," 105"," 75"," 40"
324," Torkoal"," 0.5"," 80.4"," 165"," Fire",None,70," 85"," 140"," 85"," 70"," 20"
325," Spoink"," 0.7"," 30.6"," 66"," Psychic",None,60," 25"," 35"," 70"," 80"," 60"
326," Grumpig"," 0.9"," 71.5"," 165"," Psychic",None,80," 45"," 65"," 90"," 110"," 80"
327," Spinda"," 1.1"," 5.0"," 126"," Normal",None,60," 60"," 60"," 60"," 60"," 60"
328," Trapinch"," 0.7"," 15.0"," 58"," Ground",None,45," 100"," 45"," 45"," 45"," 10"
329," Vibrava"," 1.1"," 15.3"," 119"," Ground"," Dragon"," 50"," 70"," 50"," 50"," 50"," 70"
330," Flygon"," 2.0"," 82.0"," 260"," Ground"," Dragon"," 80"," 100"," 80"," 80"," 80"," 100"
331," Cacnea"," 0.4"," 51.3"," 67"," Grass",None,50," 85"," 40"," 85"," 40"," 35"
332," Cacturne"," 1.3"," 77.4"," 166"," Grass"," Dark"," 70"," 115"," 60"," 115"," 60"," 55"
333," Swablu"," 0.4"," 1.2"," 62"," Normal"," Flying"," 45"," 40"," 60"," 40"," 75"," 50"
334," Altaria"," 1.1"," 20.6"," 172"," Dragon"," Flying"," 75"," 70"," 90"," 70"," 105"," 80"
335," Zangoose"," 1.3"," 40.3"," 160"," Normal",None,73," 115"," 60"," 60"," 60"," 90"
336," Seviper"," 2.7"," 52.5"," 160"," Poison",None,73," 100"," 60"," 100"," 60"," 65"
337," Lunatone"," 1.0"," 168.0"," 161"," Rock"," Psychic"," 90"," 55"," 65"," 95"," 85"," 70"
338," Solrock"," 1.2"," 154.0"," 161"," Rock"," Psychic"," 90"," 95"," 85"," 55"," 65"," 70"
339," Barboach"," 0.4"," 1.9"," 58"," Water"," Ground"," 50"," 48"," 43"," 46"," 41"," 60"
340," Whiscash"," 0.9"," 23.6"," 164"," Water"," Ground"," 110"," 78"," 73"," 76"," 71"," 60"
341," Corphish"," 0.6"," 11.5"," 62"," Water",None,43," 80"," 65"," 50"," 35"," 35"
342," Crawdaunt"," 1.1"," 32.8"," 164"," Water"," Dark"," 63"," 120"," 85"," 90"," 55"," 55"
343," Baltoy"," 0.5"," 21.5"," 60"," Ground"," Psychic"," 40"," 40"," 55"," 40"," 70"," 55"
344," Claydol"," 1.5"," 108.0"," 175"," Ground"," Psychic"," 60"," 70"," 105"," 70"," 120"," 75"
345," Lileep"," 1.0"," 23.8"," 71"," Rock"," Grass"," 66"," 41"," 77"," 61"," 87"," 23"
346," Cradily"," 1.5"," 60.4"," 173"," Rock"," Grass"," 86"," 81"," 97"," 81"," 107"," 43"
347," Anorith"," 0.7"," 12.5"," 71"," Rock"," Bug"," 45"," 95"," 50"," 40"," 50"," 75"
348," Armaldo"," 1.5"," 68.2"," 173"," Rock"," Bug"," 75"," 125"," 100"," 70"," 80"," 45"
349," Feebas"," 0.6"," 7.4"," 40"," Water",None,20," 15"," 20"," 10"," 55"," 80"
350," Milotic"," 6.2"," 162.0"," 189"," Water",None,95," 60"," 79"," 100"," 125"," 81"
351," Castform"," 0.3"," 0.8"," 147"," Normal",None,70," 70"," 70"," 70"," 70"," 70"
352," Kecleon"," 1.0"," 22.0"," 154"," Normal",None,60," 90"," 70"," 60"," 120"," 40"
353," Shuppet"," 0.6"," 2.3"," 59"," Ghost",None,44," 75"," 35"," 63"," 33"," 45"
354," Banette"," 1.1"," 12.5"," 159"," Ghost",None,64," 115"," 65"," 83"," 63"," 65"
355," Duskull"," 0.8"," 15.0"," 59"," Ghost",None,20," 40"," 90"," 30"," 90"," 25"
356," Dusclops"," 1.6"," 30.6"," 159"," Ghost",None,40," 70"," 130"," 60"," 130"," 25"
357," Tropius"," 2.0"," 100.0"," 161"," Grass"," Flying"," 99"," 68"," 83"," 72"," 87"," 51"
358," Chimecho"," 0.6"," 1.0"," 159"," Psychic",None,75," 50"," 80"," 95"," 90"," 65"
359," Absol"," 1.2"," 47.0"," 163"," Dark",None,65," 130"," 60"," 75"," 60"," 75"
360," Wynaut"," 0.6"," 14.0"," 52"," Psychic",None,95," 23"," 48"," 23"," 48"," 23"
361," Snorunt"," 0.7"," 16.8"," 60"," Ice",None,50," 50"," 50"," 50"," 50"," 50"
362," Glalie"," 1.5"," 256.5"," 168"," Ice",None,80," 80"," 80"," 80"," 80"," 80"
363," Spheal"," 0.8"," 39.5"," 58"," Ice"," Water"," 70"," 40"," 50"," 55"," 50"," 25"
364," Sealeo"," 1.1"," 87.6"," 144"," Ice"," Water"," 90"," 60"," 70"," 75"," 70"," 45"
365," Walrein"," 1.4"," 150.6"," 265"," Ice"," Water"," 110"," 80"," 90"," 95"," 90"," 65"
366," Clamperl"," 0.4"," 52.5"," 69"," Water",None,35," 64"," 85"," 74"," 55"," 32"
367," Huntail"," 1.7"," 27.0"," 170"," Water",None,55," 104"," 105"," 94"," 75"," 52"
368," Gorebyss"," 1.8"," 22.6"," 170"," Water",None,55," 84"," 105"," 114"," 75"," 52"
369," Relicanth"," 1.0"," 23.4"," 170"," Water"," Rock"," 100"," 90"," 130"," 45"," 65"," 55"
370," Luvdisc"," 0.6"," 8.7"," 116"," Water",None,43," 30"," 55"," 40"," 65"," 97"
371," Bagon"," 0.6"," 42.1"," 60"," Dragon",None,45," 75"," 60"," 40"," 30"," 50"
372," Shelgon"," 1.1"," 110.5"," 147"," Dragon",None,65," 95"," 100"," 60"," 50"," 50"
373," Salamence"," 1.5"," 102.6"," 300"," Dragon"," Flying"," 95"," 135"," 80"," 110"," 80"," 100"
374," Beldum"," 0.6"," 95.2"," 60"," Steel"," Psychic"," 40"," 55"," 80"," 35"," 60"," 30"
375," Metang"," 1.2"," 202.5"," 147"," Steel"," Psychic"," 60"," 75"," 100"," 55"," 80"," 50"
376," Metagross"," 1.6"," 550.0"," 300"," Steel"," Psychic"," 80"," 135"," 130"," 95"," 90"," 70"
377," Regirock"," 1.7"," 230.0"," 290"," Rock",None,80," 100"," 200"," 50"," 100"," 50"
378," Regice"," 1.8"," 175.0"," 290"," Ice",None,80," 50"," 100"," 100"," 200"," 50"
379," Registeel"," 1.9"," 205.0"," 290"," Steel",None,80," 75"," 150"," 75"," 150"," 50"
380," Latias"," 1.4"," 40.0"," 300"," Dragon"," Psychic"," 80"," 80"," 90"," 110"," 130"," 110"
381," Latios"," 2.0"," 60.0"," 300"," Dragon"," Psychic"," 80"," 90"," 80"," 130"," 110"," 110"
382," Kyogre"," 4.5"," 352.0"," 335"," Water",None,100," 100"," 90"," 150"," 140"," 90"
383," Groudon"," 3.5"," 950.0"," 335"," Ground",None,100," 150"," 140"," 100"," 90"," 90"
384," Rayquaza"," 7.0"," 206.5"," 340"," Dragon"," Flying"," 105"," 150"," 90"," 150"," 90"," 95"
385," Jirachi"," 0.3"," 1.1"," 300"," Steel"," Psychic"," 100"," 100"," 100"," 100"," 100"," 100"
386," Deoxys-normal"," 1.7"," 60.8"," 270"," Psychic",None,50," 150"," 50"," 150"," 50"," 150"
387," Turtwig"," 0.4"," 10.2"," 64"," Grass",None,55," 68"," 64"," 45"," 55"," 31"
388," Grotle"," 1.1"," 97.0"," 142"," Grass",None,75," 89"," 85"," 55"," 65"," 36"
389," Torterra"," 2.2"," 310.0"," 236"," Grass"," Ground"," 95"," 109"," 105"," 75"," 85"," 56"
390," Chimchar"," 0.5"," 6.2"," 62"," Fire",None,44," 58"," 44"," 58"," 44"," 61"
391," Monferno"," 0.9"," 22.0"," 142"," Fire"," Fighting"," 64"," 78"," 52"," 78"," 52"," 81"
392," Infernape"," 1.2"," 55.0"," 240"," Fire"," Fighting"," 76"," 104"," 71"," 104"," 71"," 108"
393," Piplup"," 0.4"," 5.2"," 63"," Water",None,53," 51"," 53"," 61"," 56"," 40"
394," Prinplup"," 0.8"," 23.0"," 142"," Water",None,64," 66"," 68"," 81"," 76"," 50"
395," Empoleon"," 1.7"," 84.5"," 239"," Water"," Steel"," 84"," 86"," 88"," 111"," 101"," 60"
396," Starly"," 0.3"," 2.0"," 49"," Normal"," Flying"," 40"," 55"," 30"," 30"," 30"," 60"
397," Staravia"," 0.6"," 15.5"," 119"," Normal"," Flying"," 55"," 75"," 50"," 40"," 40"," 80"
398," Staraptor"," 1.2"," 24.9"," 218"," Normal"," Flying"," 85"," 120"," 70"," 50"," 60"," 100"
399," Bidoof"," 0.5"," 20.0"," 50"," Normal",None,59," 45"," 40"," 35"," 40"," 31"
400," Bibarel"," 1.0"," 31.5"," 144"," Normal"," Water"," 79"," 85"," 60"," 55"," 60"," 71"
401," Kricketot"," 0.3"," 2.2"," 39"," Bug",None,37," 25"," 41"," 25"," 41"," 25"
402," Kricketune"," 1.0"," 25.5"," 134"," Bug",None,77," 85"," 51"," 55"," 51"," 65"
403," Shinx"," 0.5"," 9.5"," 53"," Electric",None,45," 65"," 34"," 40"," 34"," 45"
404," Luxio"," 0.9"," 30.5"," 127"," Electric",None,60," 85"," 49"," 60"," 49"," 60"
405," Luxray"," 1.4"," 42.0"," 262"," Electric",None,80," 120"," 79"," 95"," 79"," 70"
406," Budew"," 0.2"," 1.2"," 56"," Grass"," Poison"," 40"," 30"," 35"," 50"," 70"," 55"
407," Roserade"," 0.9"," 14.5"," 258"," Grass"," Poison"," 60"," 70"," 65"," 125"," 105"," 90"
408," Cranidos"," 0.9"," 31.5"," 70"," Rock",None,67," 125"," 40"," 30"," 30"," 58"
409," Rampardos"," 1.6"," 102.5"," 173"," Rock",None,97," 165"," 60"," 65"," 50"," 58"
410," Shieldon"," 0.5"," 57.0"," 70"," Rock"," Steel"," 30"," 42"," 118"," 42"," 88"," 30"
411," Bastiodon"," 1.3"," 149.5"," 173"," Rock"," Steel"," 60"," 52"," 168"," 47"," 138"," 30"
412," Burmy"," 0.2"," 3.4"," 45"," Bug",None,40," 29"," 45"," 29"," 45"," 36"
413," Wormadam-plant"," 0.5"," 6.5"," 148"," Bug"," Grass"," 60"," 59"," 85"," 79"," 105"," 36"
414," Mothim"," 0.9"," 23.3"," 148"," Bug"," Flying"," 70"," 94"," 50"," 94"," 50"," 66"
415," Combee"," 0.3"," 5.5"," 49"," Bug"," Flying"," 30"," 30"," 42"," 30"," 42"," 70"
416," Vespiquen"," 1.2"," 38.5"," 166"," Bug"," Flying"," 70"," 80"," 102"," 80"," 102"," 40"
417," Pachirisu"," 0.4"," 3.9"," 142"," Electric",None,60," 45"," 70"," 45"," 90"," 95"
418," Buizel"," 0.7"," 29.5"," 66"," Water",None,55," 65"," 35"," 60"," 30"," 85"
419," Floatzel"," 1.1"," 33.5"," 173"," Water",None,85," 105"," 55"," 85"," 50"," 115"
420," Cherubi"," 0.4"," 3.3"," 55"," Grass",None,45," 35"," 45"," 62"," 53"," 35"
421," Cherrim"," 0.5"," 9.3"," 158"," Grass",None,70," 60"," 70"," 87"," 78"," 85"
422," Shellos"," 0.3"," 6.3"," 65"," Water",None,76," 48"," 48"," 57"," 62"," 34"
423," Gastrodon"," 0.9"," 29.9"," 166"," Water"," Ground"," 111"," 83"," 68"," 92"," 82"," 39"
424," Ambipom"," 1.2"," 20.3"," 169"," Normal",None,75," 100"," 66"," 60"," 66"," 115"
425," Drifloon"," 0.4"," 1.2"," 70"," Ghost"," Flying"," 90"," 50"," 34"," 60"," 44"," 70"
426," Drifblim"," 1.2"," 15.0"," 174"," Ghost"," Flying"," 150"," 80"," 44"," 90"," 54"," 80"
427," Buneary"," 0.4"," 5.5"," 70"," Normal",None,55," 66"," 44"," 44"," 56"," 85"
428," Lopunny"," 1.2"," 33.3"," 168"," Normal",None,65," 76"," 84"," 54"," 96"," 105"
429," Mismagius"," 0.9"," 4.4"," 173"," Ghost",None,60," 60"," 60"," 105"," 105"," 105"
430," Honchkrow"," 0.9"," 27.3"," 177"," Dark"," Flying"," 100"," 125"," 52"," 105"," 52"," 71"
431," Glameow"," 0.5"," 3.9"," 62"," Normal",None,49," 55"," 42"," 42"," 37"," 85"
432," Purugly"," 1.0"," 43.8"," 158"," Normal",None,71," 82"," 64"," 64"," 59"," 112"
433," Chingling"," 0.2"," 0.6"," 57"," Psychic",None,45," 30"," 50"," 65"," 50"," 45"
434," Stunky"," 0.4"," 19.2"," 66"," Poison"," Dark"," 63"," 63"," 47"," 41"," 41"," 74"
435," Skuntank"," 1.0"," 38.0"," 168"," Poison"," Dark"," 103"," 93"," 67"," 71"," 61"," 84"
436," Bronzor"," 0.5"," 60.5"," 60"," Steel"," Psychic"," 57"," 24"," 86"," 24"," 86"," 23"
437," Bronzong"," 1.3"," 187.0"," 175"," Steel"," Psychic"," 67"," 89"," 116"," 79"," 116"," 33"
438," Bonsly"," 0.5"," 15.0"," 58"," Rock",None,50," 80"," 95"," 10"," 45"," 10"
439," Mime-jr"," 0.6"," 13.0"," 62"," Psychic"," Fairy"," 20"," 25"," 45"," 70"," 90"," 60"
440," Happiny"," 0.6"," 24.4"," 110"," Normal",None,100," 5"," 5"," 15"," 65"," 30"
441," Chatot"," 0.5"," 1.9"," 144"," Normal"," Flying"," 76"," 65"," 45"," 92"," 42"," 91"
442," Spiritomb"," 1.0"," 108.0"," 170"," Ghost"," Dark"," 50"," 92"," 108"," 92"," 108"," 35"
443," Gible"," 0.7"," 20.5"," 60"," Dragon"," Ground"," 58"," 70"," 45"," 40"," 45"," 42"
444," Gabite"," 1.4"," 56.0"," 144"," Dragon"," Ground"," 68"," 90"," 65"," 50"," 55"," 82"
445," Garchomp"," 1.9"," 95.0"," 300"," Dragon"," Ground"," 108"," 130"," 95"," 80"," 85"," 102"
446," Munchlax"," 0.6"," 105.0"," 78"," Normal",None,135," 85"," 40"," 40"," 85"," 5"
447," Riolu"," 0.7"," 20.2"," 57"," Fighting",None,40," 70"," 40"," 35"," 40"," 60"
448," Lucario"," 1.2"," 54.0"," 184"," Fighting"," Steel"," 70"," 110"," 70"," 115"," 70"," 90"
449," Hippopotas"," 0.8"," 49.5"," 66"," Ground",None,68," 72"," 78"," 38"," 42"," 32"
450," Hippowdon"," 2.0"," 300.0"," 184"," Ground",None,108," 112"," 118"," 68"," 72"," 47"
451," Skorupi"," 0.8"," 12.0"," 66"," Poison"," Bug"," 40"," 50"," 90"," 30"," 55"," 65"
452," Drapion"," 1.3"," 61.5"," 175"," Poison"," Dark"," 70"," 90"," 110"," 60"," 75"," 95"
453," Croagunk"," 0.7"," 23.0"," 60"," Poison"," Fighting"," 48"," 61"," 40"," 61"," 40"," 50"
454," Toxicroak"," 1.3"," 44.4"," 172"," Poison"," Fighting"," 83"," 106"," 65"," 86"," 65"," 85"
455," Carnivine"," 1.4"," 27.0"," 159"," Grass",None,74," 100"," 72"," 90"," 72"," 46"
456," Finneon"," 0.4"," 7.0"," 66"," Water",None,49," 49"," 56"," 49"," 61"," 66"
457," Lumineon"," 1.2"," 24.0"," 161"," Water",None,69," 69"," 76"," 69"," 86"," 91"
458," Mantyke"," 1.0"," 65.0"," 69"," Water"," Flying"," 45"," 20"," 50"," 60"," 120"," 50"
459," Snover"," 1.0"," 50.5"," 67"," Grass"," Ice"," 60"," 62"," 50"," 62"," 60"," 40"
460," Abomasnow"," 2.2"," 135.5"," 173"," Grass"," Ice"," 90"," 92"," 75"," 92"," 85"," 60"
461," Weavile"," 1.1"," 34.0"," 179"," Dark"," Ice"," 70"," 120"," 65"," 45"," 85"," 125"
462," Magnezone"," 1.2"," 180.0"," 268"," Electric"," Steel"," 70"," 70"," 115"," 130"," 90"," 60"
463," Lickilicky"," 1.7"," 140.0"," 180"," Normal",None,110," 85"," 95"," 80"," 95"," 50"
464," Rhyperior"," 2.4"," 282.8"," 268"," Ground"," Rock"," 115"," 140"," 130"," 55"," 55"," 40"
465," Tangrowth"," 2.0"," 128.6"," 187"," Grass",None,100," 100"," 125"," 110"," 50"," 50"
466," Electivire"," 1.8"," 138.6"," 270"," Electric",None,75," 123"," 67"," 95"," 85"," 95"
467," Magmortar"," 1.6"," 68.0"," 270"," Fire",None,75," 95"," 67"," 125"," 95"," 83"
468," Togekiss"," 1.5"," 38.0"," 273"," Fairy"," Flying"," 85"," 50"," 95"," 120"," 115"," 80"
469," Yanmega"," 1.9"," 51.5"," 180"," Bug"," Flying"," 86"," 76"," 86"," 116"," 56"," 95"
470," Leafeon"," 1.0"," 25.5"," 184"," Grass",None,65," 110"," 130"," 60"," 65"," 95"
471," Glaceon"," 0.8"," 25.9"," 184"," Ice",None,65," 60"," 110"," 130"," 95"," 65"
472," Gliscor"," 2.0"," 42.5"," 179"," Ground"," Flying"," 75"," 95"," 125"," 45"," 75"," 95"
473," Mamoswine"," 2.5"," 291.0"," 265"," Ice"," Ground"," 110"," 130"," 80"," 70"," 60"," 80"
474," Porygon-z"," 0.9"," 34.0"," 268"," Normal",None,85," 80"," 70"," 135"," 75"," 90"
475,incarnate," 1.6"," 52.0"," 259"," Psychic"," Fighting"," 68"," 125"," 65"," 65"," 115"," 80"
476," Probopass"," 1.4"," 340.0"," 184"," Rock"," Steel"," 60"," 55"," 145"," 75"," 150"," 40"
477," Dusknoir"," 2.2"," 106.6"," 263"," Ghost",None,45," 100"," 135"," 65"," 135"," 45"
478," Froslass"," 1.3"," 26.6"," 168"," Ice"," Ghost"," 70"," 80"," 70"," 80"," 70"," 110"
479," Rotom"," 0.3"," 0.3"," 154"," Electric"," Ghost"," 50"," 50"," 77"," 95"," 77"," 91"
480," Uxie"," 0.3"," 0.3"," 290"," Psychic",None,75," 75"," 130"," 75"," 130"," 95"
481," Mesprit"," 0.3"," 0.3"," 290"," Psychic",None,80," 105"," 105"," 105"," 105"," 80"
482," Azelf"," 0.3"," 0.3"," 290"," Psychic",None,75," 125"," 70"," 125"," 70"," 115"
483," Dialga"," 5.4"," 683.0"," 340"," Steel"," Dragon"," 100"," 120"," 120"," 150"," 100"," 90"
484," Palkia"," 4.2"," 336.0"," 340"," Water"," Dragon"," 90"," 120"," 100"," 150"," 120"," 100"
485," Heatran"," 1.7"," 430.0"," 300"," Fire"," Steel"," 91"," 90"," 106"," 130"," 106"," 77"
486," Regigigas"," 3.7"," 420.0"," 335"," Normal",None,110," 160"," 110"," 80"," 110"," 100"
487," Giratina-altered"," 4.5"," 750.0"," 340"," Ghost"," Dragon"," 150"," 100"," 120"," 100"," 120"," 90"
488," Cresselia"," 1.5"," 85.6"," 300"," Psychic",None,120," 70"," 110"," 75"," 120"," 85"
489," Phione"," 0.4"," 3.1"," 216"," Water",None,80," 80"," 80"," 80"," 80"," 80"
490," Manaphy"," 0.3"," 1.4"," 270"," Water",None,100," 100"," 100"," 100"," 100"," 100"
491," Darkrai"," 1.5"," 50.5"," 270"," Dark",None,70," 90"," 90"," 135"," 90"," 125"
492," Shaymin-land"," 0.2"," 2.1"," 270"," Grass",None,100," 100"," 100"," 100"," 100"," 100"
493," Arceus"," 3.2"," 320.0"," 324"," Normal",None,120," 120"," 120"," 120"," 120"," 120"
494," Victini"," 0.4"," 4.0"," 300"," Psychic"," Fire"," 100"," 100"," 100"," 100"," 100"," 100"
495," Snivy"," 0.6"," 8.1"," 62"," Grass",None,45," 45"," 55"," 45"," 55"," 63"
496," Servine"," 0.8"," 16.0"," 145"," Grass",None,60," 60"," 75"," 60"," 75"," 83"
497," Serperior"," 3.3"," 63.0"," 238"," Grass",None,75," 75"," 95"," 75"," 95"," 113"
498," Tepig"," 0.5"," 9.9"," 62"," Fire",None,65," 63"," 45"," 45"," 45"," 45"
499," Pignite"," 1.0"," 55.5"," 146"," Fire"," Fighting"," 90"," 93"," 55"," 70"," 55"," 55"
500," Emboar"," 1.6"," 150.0"," 238"," Fire"," Fighting"," 110"," 123"," 65"," 100"," 65"," 65"
501," Oshawott"," 0.5"," 5.9"," 62"," Water",None,55," 55"," 45"," 63"," 45"," 45"
502," Dewott"," 0.8"," 24.5"," 145"," Water",None,75," 75"," 60"," 83"," 60"," 60"
503," Samurott"," 1.5"," 94.6"," 238"," Water",None,95," 100"," 85"," 108"," 70"," 70"
504," Patrat"," 0.5"," 11.6"," 51"," Normal",None,45," 55"," 39"," 35"," 39"," 42"
505," Watchog"," 1.1"," 27.0"," 147"," Normal",None,60," 85"," 69"," 60"," 69"," 77"
506," Lillipup"," 0.4"," 4.1"," 55"," Normal",None,45," 60"," 45"," 25"," 45"," 55"
507," Herdier"," 0.9"," 14.7"," 130"," Normal",None,65," 80"," 65"," 35"," 65"," 60"
508," Stoutland"," 1.2"," 61.0"," 250"," Normal",None,85," 110"," 90"," 45"," 90"," 80"
509," Purrloin"," 0.4"," 10.1"," 56"," Dark",None,41," 50"," 37"," 50"," 37"," 66"
510," Liepard"," 1.1"," 37.5"," 156"," Dark",None,64," 88"," 50"," 88"," 50"," 106"
511," Pansage"," 0.6"," 10.5"," 63"," Grass",None,50," 53"," 48"," 53"," 48"," 64"
512," Simisage"," 1.1"," 30.5"," 174"," Grass",None,75," 98"," 63"," 98"," 63"," 101"
513," Pansear"," 0.6"," 11.0"," 63"," Fire",None,50," 53"," 48"," 53"," 48"," 64"
514," Simisear"," 1.0"," 28.0"," 174"," Fire",None,75," 98"," 63"," 98"," 63"," 101"
515," Panpour"," 0.6"," 13.5"," 63"," Water",None,50," 53"," 48"," 53"," 48"," 64"
516," Simipour"," 1.0"," 29.0"," 174"," Water",None,75," 98"," 63"," 98"," 63"," 101"
517," Munna"," 0.6"," 23.3"," 58"," Psychic",None,76," 25"," 45"," 67"," 55"," 24"
518," Musharna"," 1.1"," 60.5"," 170"," Psychic",None,116," 55"," 85"," 107"," 95"," 29"
519," Pidove"," 0.3"," 2.1"," 53"," Normal"," Flying"," 50"," 55"," 50"," 36"," 30"," 43"
520," Tranquill"," 0.6"," 15.0"," 125"," Normal"," Flying"," 62"," 77"," 62"," 50"," 42"," 65"
521," Unfezant"," 1.2"," 29.0"," 244"," Normal"," Flying"," 80"," 115"," 80"," 65"," 55"," 93"
522," Blitzle"," 0.8"," 29.8"," 59"," Electric",None,45," 60"," 32"," 50"," 32"," 76"
523," Zebstrika"," 1.6"," 79.5"," 174"," Electric",None,75," 100"," 63"," 80"," 63"," 116"
524," Roggenrola"," 0.4"," 18.0"," 56"," Rock",None,55," 75"," 85"," 25"," 25"," 15"
525," Boldore"," 0.9"," 102.0"," 137"," Rock",None,70," 105"," 105"," 50"," 40"," 20"
526," Gigalith"," 1.7"," 260.0"," 258"," Rock",None,85," 135"," 130"," 60"," 80"," 25"
527," Woobat"," 0.4"," 2.1"," 65"," Psychic"," Flying"," 65"," 45"," 43"," 55"," 43"," 72"
528," Swoobat"," 0.9"," 10.5"," 149"," Psychic"," Flying"," 67"," 57"," 55"," 77"," 55"," 114"
529," Drilbur"," 0.3"," 8.5"," 66"," Ground",None,60," 85"," 40"," 30"," 45"," 68"
530," Excadrill"," 0.7"," 40.4"," 178"," Ground"," Steel"," 110"," 135"," 60"," 50"," 65"," 88"
531," Audino"," 1.1"," 31.0"," 390"," Normal",None,103," 60"," 86"," 60"," 86"," 50"
532," Timburr"," 0.6"," 12.5"," 61"," Fighting",None,75," 80"," 55"," 25"," 35"," 35"
533," Gurdurr"," 1.2"," 40.0"," 142"," Fighting",None,85," 105"," 85"," 40"," 50"," 40"
534," Conkeldurr"," 1.4"," 87.0"," 253"," Fighting",None,105," 140"," 95"," 55"," 65"," 45"
535," Tympole"," 0.5"," 4.5"," 59"," Water",None,50," 50"," 40"," 50"," 40"," 64"
536," Palpitoad"," 0.8"," 17.0"," 134"," Water"," Ground"," 75"," 65"," 55"," 65"," 55"," 69"
537," Seismitoad"," 1.5"," 62.0"," 255"," Water"," Ground"," 105"," 95"," 75"," 85"," 75"," 74"
538," Throh"," 1.3"," 55.5"," 163"," Fighting",None,120," 100"," 85"," 30"," 85"," 45"
539," Sawk"," 1.4"," 51.0"," 163"," Fighting",None,75," 125"," 75"," 30"," 75"," 85"
540," Sewaddle"," 0.3"," 2.5"," 62"," Bug"," Grass"," 45"," 53"," 70"," 40"," 60"," 42"
541," Swadloon"," 0.5"," 7.3"," 133"," Bug"," Grass"," 55"," 63"," 90"," 50"," 80"," 42"
542," Leavanny"," 1.2"," 20.5"," 225"," Bug"," Grass"," 75"," 103"," 80"," 70"," 80"," 92"
543," Venipede"," 0.4"," 5.3"," 52"," Bug"," Poison"," 30"," 45"," 59"," 30"," 39"," 57"
544," Whirlipede"," 1.2"," 58.5"," 126"," Bug"," Poison"," 40"," 55"," 99"," 40"," 79"," 47"
545," Scolipede"," 2.5"," 200.5"," 243"," Bug"," Poison"," 60"," 100"," 89"," 55"," 69"," 112"
546," Cottonee"," 0.3"," 0.6"," 56"," Grass"," Fairy"," 40"," 27"," 60"," 37"," 50"," 66"
547," Whimsicott"," 0.7"," 6.6"," 168"," Grass"," Fairy"," 60"," 67"," 85"," 77"," 75"," 116"
548," Petilil"," 0.5"," 6.6"," 56"," Grass",None,45," 35"," 50"," 70"," 50"," 30"
549," Lilligant"," 1.1"," 16.3"," 168"," Grass",None,70," 60"," 75"," 110"," 75"," 90"
550," Basculin-red-striped"," 1.0"," 18.0"," 161"," Water",None,70," 92"," 65"," 80"," 55"," 98"
551," Sandile"," 0.7"," 15.2"," 58"," Ground"," Dark"," 50"," 72"," 35"," 35"," 35"," 65"
552," Krokorok"," 1.0"," 33.4"," 123"," Ground"," Dark"," 60"," 82"," 45"," 45"," 45"," 74"
553," Krookodile"," 1.5"," 96.3"," 260"," Ground"," Dark"," 95"," 117"," 80"," 65"," 70"," 92"
554," Darumaka"," 0.6"," 37.5"," 63"," Fire",None,70," 90"," 45"," 15"," 45"," 50"
555," Darmanitan-standard"," 1.3"," 92.9"," 168"," Fire",None,105," 140"," 55"," 30"," 55"," 95"
556," Maractus"," 1.0"," 28.0"," 161"," Grass",None,75," 86"," 67"," 106"," 67"," 60"
557," Dwebble"," 0.3"," 14.5"," 65"," Bug"," Rock"," 50"," 65"," 85"," 35"," 35"," 55"
558," Crustle"," 1.4"," 200.0"," 170"," Bug"," Rock"," 70"," 105"," 125"," 65"," 75"," 45"
559," Scraggy"," 0.6"," 11.8"," 70"," Dark"," Fighting"," 50"," 75"," 70"," 35"," 70"," 48"
560," Scrafty"," 1.1"," 30.0"," 171"," Dark"," Fighting"," 65"," 90"," 115"," 45"," 115"," 58"
561," Sigilyph"," 1.4"," 14.0"," 172"," Psychic"," Flying"," 72"," 58"," 80"," 103"," 80"," 97"
562," Yamask"," 0.5"," 1.5"," 61"," Ghost",None,38," 30"," 85"," 55"," 65"," 30"
563," Cofagrigus"," 1.7"," 76.5"," 169"," Ghost",None,58," 50"," 145"," 95"," 105"," 30"
564," Tirtouga"," 0.7"," 16.5"," 71"," Water"," Rock"," 54"," 78"," 103"," 53"," 45"," 22"
565," Carracosta"," 1.2"," 81.0"," 173"," Water"," Rock"," 74"," 108"," 133"," 83"," 65"," 32"
566," Archen"," 0.5"," 9.5"," 71"," Rock"," Flying"," 55"," 112"," 45"," 74"," 45"," 70"
567," Archeops"," 1.4"," 32.0"," 177"," Rock"," Flying"," 75"," 140"," 65"," 112"," 65"," 110"
568," Trubbish"," 0.6"," 31.0"," 66"," Poison",None,50," 50"," 62"," 40"," 62"," 65"
569," Garbodor"," 1.9"," 107.3"," 166"," Poison",None,80," 95"," 82"," 60"," 82"," 75"
570," Zorua"," 0.7"," 12.5"," 66"," Dark",None,40," 65"," 40"," 80"," 40"," 65"
571," Zoroark"," 1.6"," 81.1"," 179"," Dark",None,60," 105"," 60"," 120"," 60"," 105"
572," Minccino"," 0.4"," 5.8"," 60"," Normal",None,55," 50"," 40"," 40"," 40"," 75"
573," Cinccino"," 0.5"," 7.5"," 165"," Normal",None,75," 95"," 60"," 65"," 60"," 115"
574," Gothita"," 0.4"," 5.8"," 58"," Psychic",None,45," 30"," 50"," 55"," 65"," 45"
575," Gothorita"," 0.7"," 18.0"," 137"," Psychic",None,60," 45"," 70"," 75"," 85"," 55"
576," Gothitelle"," 1.5"," 44.0"," 245"," Psychic",None,70," 55"," 95"," 95"," 110"," 65"
577," Solosis"," 0.3"," 1.0"," 58"," Psychic",None,45," 30"," 40"," 105"," 50"," 20"
578," Duosion"," 0.6"," 8.0"," 130"," Psychic",None,65," 40"," 50"," 125"," 60"," 30"
579," Reuniclus"," 1.0"," 20.1"," 245"," Psychic",None,110," 65"," 75"," 125"," 85"," 30"
580," Ducklett"," 0.5"," 5.5"," 61"," Water"," Flying"," 62"," 44"," 50"," 44"," 50"," 55"
581," Swanna"," 1.3"," 24.2"," 166"," Water"," Flying"," 75"," 87"," 63"," 87"," 63"," 98"
582," Vanillite"," 0.4"," 5.7"," 61"," Ice",None,36," 50"," 50"," 65"," 60"," 44"
583," Vanillish"," 1.1"," 41.0"," 138"," Ice",None,51," 65"," 65"," 80"," 75"," 59"
584," Vanilluxe"," 1.3"," 57.5"," 268"," Ice",None,71," 95"," 85"," 110"," 95"," 79"
585," Deerling"," 0.6"," 19.5"," 67"," Normal"," Grass"," 60"," 60"," 50"," 40"," 50"," 75"
586," Sawsbuck"," 1.9"," 92.5"," 166"," Normal"," Grass"," 80"," 100"," 70"," 60"," 70"," 95"
587," Emolga"," 0.4"," 5.0"," 150"," Electric"," Flying"," 55"," 75"," 60"," 75"," 60"," 103"
588," Karrablast"," 0.5"," 5.9"," 63"," Bug",None,50," 75"," 45"," 40"," 45"," 60"
589," Escavalier"," 1.0"," 33.0"," 173"," Bug"," Steel"," 70"," 135"," 105"," 60"," 105"," 20"
590," Foongus"," 0.2"," 1.0"," 59"," Grass"," Poison"," 69"," 55"," 45"," 55"," 55"," 15"
591," Amoonguss"," 0.6"," 10.5"," 162"," Grass"," Poison"," 114"," 85"," 70"," 85"," 80"," 30"
592," Frillish"," 1.2"," 33.0"," 67"," Water"," Ghost"," 55"," 40"," 50"," 65"," 85"," 40"
593," Jellicent"," 2.2"," 135.0"," 168"," Water"," Ghost"," 100"," 60"," 70"," 85"," 105"," 60"
594," Alomomola"," 1.2"," 31.6"," 165"," Water",None,165," 75"," 80"," 40"," 45"," 65"
595," Joltik"," 0.1"," 0.6"," 64"," Bug"," Electric"," 50"," 47"," 50"," 57"," 50"," 65"
596," Galvantula"," 0.8"," 14.3"," 165"," Bug"," Electric"," 70"," 77"," 60"," 97"," 60"," 108"
597," Ferroseed"," 0.6"," 18.8"," 61"," Grass"," Steel"," 44"," 50"," 91"," 24"," 86"," 10"
598," Ferrothorn"," 1.0"," 110.0"," 171"," Grass"," Steel"," 74"," 94"," 131"," 54"," 116"," 20"
599," Klink"," 0.3"," 21.0"," 60"," Steel",None,40," 55"," 70"," 45"," 60"," 30"
600," Klang"," 0.6"," 51.0"," 154"," Steel",None,60," 80"," 95"," 70"," 85"," 50"
601," Klinklang"," 0.6"," 81.0"," 260"," Steel",None,60," 100"," 115"," 70"," 85"," 90"
602," Tynamo"," 0.2"," 0.3"," 55"," Electric",None,35," 55"," 40"," 45"," 40"," 60"
603," Eelektrik"," 1.2"," 22.0"," 142"," Electric",None,65," 85"," 70"," 75"," 70"," 40"
604," Eelektross"," 2.1"," 80.5"," 232"," Electric",None,85," 115"," 80"," 105"," 80"," 50"
605," Elgyem"," 0.5"," 9.0"," 67"," Psychic",None,55," 55"," 55"," 85"," 55"," 30"
606," Beheeyem"," 1.0"," 34.5"," 170"," Psychic",None,75," 75"," 75"," 125"," 95"," 40"
607," Litwick"," 0.3"," 3.1"," 55"," Ghost"," Fire"," 50"," 30"," 55"," 65"," 55"," 20"
608," Lampent"," 0.6"," 13.0"," 130"," Ghost"," Fire"," 60"," 40"," 60"," 95"," 60"," 55"
609," Chandelure"," 1.0"," 34.3"," 260"," Ghost"," Fire"," 60"," 55"," 90"," 145"," 90"," 80"
610," Axew"," 0.6"," 18.0"," 64"," Dragon",None,46," 87"," 60"," 30"," 40"," 57"
611," Fraxure"," 1.0"," 36.0"," 144"," Dragon",None,66," 117"," 70"," 40"," 50"," 67"
612," Haxorus"," 1.8"," 105.5"," 270"," Dragon",None,76," 147"," 90"," 60"," 70"," 97"
613," Cubchoo"," 0.5"," 8.5"," 61"," Ice",None,55," 70"," 40"," 60"," 40"," 40"
614," Beartic"," 2.6"," 260.0"," 177"," Ice",None,95," 130"," 80"," 70"," 80"," 50"
615," Cryogonal"," 1.1"," 148.0"," 180"," Ice",None,80," 50"," 50"," 95"," 135"," 105"
616," Shelmet"," 0.4"," 7.7"," 61"," Bug",None,50," 40"," 85"," 40"," 65"," 25"
617," Accelgor"," 0.8"," 25.3"," 173"," Bug",None,80," 70"," 40"," 100"," 60"," 145"
618," Stunfisk"," 0.7"," 11.0"," 165"," Ground"," Electric"," 109"," 66"," 84"," 81"," 99"," 32"
619," Mienfoo"," 0.9"," 20.0"," 70"," Fighting",None,45," 85"," 50"," 55"," 50"," 65"
620," Mienshao"," 1.4"," 35.5"," 179"," Fighting",None,65," 125"," 60"," 95"," 60"," 105"
621," Druddigon"," 1.6"," 139.0"," 170"," Dragon",None,77," 120"," 90"," 60"," 90"," 48"
622," Golett"," 1.0"," 92.0"," 61"," Ground"," Ghost"," 59"," 74"," 50"," 35"," 50"," 35"
623," Golurk"," 2.8"," 330.0"," 169"," Ground"," Ghost"," 89"," 124"," 80"," 55"," 80"," 55"
624," Pawniard"," 0.5"," 10.2"," 68"," Dark"," Steel"," 45"," 85"," 70"," 40"," 40"," 60"
625," Bisharp"," 1.6"," 70.0"," 172"," Dark"," Steel"," 65"," 125"," 100"," 60"," 70"," 70"
626," Bouffalant"," 1.6"," 94.6"," 172"," Normal",None,95," 110"," 95"," 40"," 95"," 55"
627," Rufflet"," 0.5"," 10.5"," 70"," Normal"," Flying"," 70"," 83"," 50"," 37"," 50"," 60"
628," Braviary"," 1.5"," 41.0"," 179"," Normal"," Flying"," 100"," 123"," 75"," 57"," 75"," 80"
629," Vullaby"," 0.5"," 9.0"," 74"," Dark"," Flying"," 70"," 55"," 75"," 45"," 65"," 60"
630," Mandibuzz"," 1.2"," 39.5"," 179"," Dark"," Flying"," 110"," 65"," 105"," 55"," 95"," 80"
631," Heatmor"," 1.4"," 58.0"," 169"," Fire",None,85," 97"," 66"," 105"," 66"," 65"
632," Durant"," 0.3"," 33.0"," 169"," Bug"," Steel"," 58"," 109"," 112"," 48"," 48"," 109"
633," Deino"," 0.8"," 17.3"," 60"," Dark"," Dragon"," 52"," 65"," 50"," 45"," 50"," 38"
634," Zweilous"," 1.4"," 50.0"," 147"," Dark"," Dragon"," 72"," 85"," 70"," 65"," 70"," 58"
635," Hydreigon"," 1.8"," 160.0"," 300"," Dark"," Dragon"," 92"," 105"," 90"," 125"," 90"," 98"
636," Larvesta"," 1.1"," 28.8"," 72"," Bug"," Fire"," 55"," 85"," 55"," 50"," 55"," 60"
637," Volcarona"," 1.6"," 46.0"," 275"," Bug"," Fire"," 85"," 60"," 65"," 135"," 105"," 100"
638," Cobalion"," 2.1"," 250.0"," 290"," Steel"," Fighting"," 91"," 90"," 129"," 90"," 72"," 108"
639," Terrakion"," 1.9"," 260.0"," 290"," Rock"," Fighting"," 91"," 129"," 90"," 72"," 90"," 108"
640," Virizion"," 2.0"," 200.0"," 290"," Grass"," Fighting"," 91"," 90"," 72"," 90"," 129"," 108"
641," Tornadus-incarnate"," 1.5"," 63.0"," 290"," Flying",None,79," 115"," 70"," 125"," 80"," 111"
642," Thundurus-incarnate"," 1.5"," 61.0"," 290"," Electric"," Flying"," 79"," 115"," 70"," 125"," 80"," 111"
643," Reshiram"," 3.2"," 330.0"," 340"," Dragon"," Fire"," 100"," 120"," 100"," 150"," 120"," 90"
644," Zekrom"," 2.9"," 345.0"," 340"," Dragon"," Electric"," 100"," 150"," 120"," 120"," 100"," 90"
645," Landorus-incarnate"," 1.5"," 68.0"," 300"," Ground"," Flying"," 89"," 125"," 90"," 115"," 80"," 101"
646," Kyurem"," 3.0"," 325.0"," 330"," Dragon"," Ice"," 125"," 130"," 90"," 130"," 90"," 95"
647," Keldeo-ordinary"," 1.4"," 48.5"," 290"," Water"," Fighting"," 91"," 72"," 90"," 129"," 90"," 108"
648," Meloetta-aria"," 0.6"," 6.5"," 270"," Normal"," Psychic"," 100"," 77"," 77"," 128"," 128"," 90"
649," Genesect"," 1.5"," 82.5"," 300"," Bug"," Steel"," 71"," 120"," 95"," 120"," 95"," 99"
